{
 "f": [
  {
   "__tuple__": true, 
   "items": [
    "", 
    0, 
    2147483647, 
    "code_explorer_custom_root_folder_name"
   ]
  }, 
  {
   "__tuple__": true, 
   "items": [
    "/2147483647", 
    0, 
    "sgeJj4weEe6a8wD-mz8-tn", 
    "\u7802\u5ca9"
   ]
  }, 
  {
   "__tuple__": true, 
   "items": [
    "/2147483647", 
    1, 
    "ly6scIweEe6QxwD-mz8-tv", 
    "\u573a\u666f1"
   ]
  }
 ], 
 "d": {
  "134234920": {
   "__tuple__": true, 
   "items": [
    "sgeJj4weEe6a8wD-mz8-tn", 
    0
   ]
  }, 
  "134234590": {
   "__tuple__": true, 
   "items": [
    "sgeJj4weEe6a8wD-mz8-tn", 
    1
   ]
  }, 
  "134278001": {
   "__tuple__": true, 
   "items": [
    "sgeJj4weEe6a8wD-mz8-tn", 
    2
   ]
  }, 
  "134274040": {
   "__tuple__": true, 
   "items": [
    "sgeJj4weEe6a8wD-mz8-tn", 
    3
   ]
  }, 
  "134282580": {
   "__tuple__": true, 
   "items": [
    "sgeJj4weEe6a8wD-mz8-tn", 
    4
   ]
  }, 
  "134231839": {
   "__tuple__": true, 
   "items": [
    "sgeJj4weEe6a8wD-mz8-tn", 
    5
   ]
  }, 
  "134282655": {
   "__tuple__": true, 
   "items": [
    "sgeJj4weEe6a8wD-mz8-tn", 
    6
   ]
  }, 
  "134274107": {
   "__tuple__": true, 
   "items": [
    "sgeJj4weEe6a8wD-mz8-tn", 
    7
   ]
  }, 
  "134279428": {
   "__tuple__": true, 
   "items": [
    "sgeJj4weEe6a8wD-mz8-tn", 
    8
   ]
  }, 
  "134242169": {
   "__tuple__": true, 
   "items": [
    "sgeJj4weEe6a8wD-mz8-tn", 
    9
   ]
  }, 
  "134238445": {
   "__tuple__": true, 
   "items": [
    "sgeJj4weEe6a8wD-mz8-tn", 
    10
   ]
  }, 
  "134262456": {
   "__tuple__": true, 
   "items": [
    "sgeJj4weEe6a8wD-mz8-tn", 
    11
   ]
  }, 
  "134279639": {
   "__tuple__": true, 
   "items": [
    "sgeJj4weEe6a8wD-mz8-tn", 
    12
   ]
  }, 
  "134267547": {
   "__tuple__": true, 
   "items": [
    "sgeJj4weEe6a8wD-mz8-tn", 
    13
   ]
  }, 
  "134252821": {
   "__tuple__": true, 
   "items": [
    "ly6scIweEe6QxwD-mz8-tv", 
    0
   ]
  }, 
  "134266453": {
   "__tuple__": true, 
   "items": [
    "ly6scIweEe6QxwD-mz8-tv", 
    1
   ]
  }, 
  "134256568": {
   "__tuple__": true, 
   "items": [
    "ly6scIweEe6QxwD-mz8-tv", 
    2
   ]
  }, 
  "134273001": {
   "__tuple__": true, 
   "items": [
    "ly6scIweEe6QxwD-mz8-tv", 
    3
   ]
  }, 
  "134280279": {
   "__tuple__": true, 
   "items": [
    "ly6scIweEe6QxwD-mz8-tv", 
    4
   ]
  }, 
  "134265244": {
   "__tuple__": true, 
   "items": [
    "ly6scIweEe6QxwD-mz8-tv", 
    5
   ]
  }, 
  "134244780": {
   "__tuple__": true, 
   "items": [
    "ly6scIweEe6QxwD-mz8-tv", 
    6
   ]
  }, 
  "134224483": {
   "__tuple__": true, 
   "items": [
    "ly6scIweEe6QxwD-mz8-tv", 
    7
   ]
  }, 
  "134253571": {
   "__tuple__": true, 
   "items": [
    "ly6scIweEe6QxwD-mz8-tv", 
    8
   ]
  }, 
  "134258460": {
   "__tuple__": true, 
   "items": [
    "ly6scIweEe6QxwD-mz8-tv", 
    9
   ]
  }, 
  "134218467": {
   "__tuple__": true, 
   "items": [
    "ly6scIweEe6QxwD-mz8-tv", 
    10
   ]
  }, 
  "134278629": {
   "__tuple__": true, 
   "items": [
    "ly6scIweEe6QxwD-mz8-tv", 
    11
   ]
  }, 
  "134218579": {
   "__tuple__": true, 
   "items": [
    "ly6scIweEe6QxwD-mz8-tv", 
    12
   ]
  }, 
  "134242221": {
   "__tuple__": true, 
   "items": [
    "ly6scIweEe6QxwD-mz8-tv", 
    13
   ]
  }, 
  "134264140": {
   "__tuple__": true, 
   "items": [
    "ly6scIweEe6QxwD-mz8-tv", 
    14
   ]
  }, 
  "134275778": {
   "__tuple__": true, 
   "items": [
    "ly6scIweEe6QxwD-mz8-tv", 
    15
   ]
  }, 
  "134229400": {
   "__tuple__": true, 
   "items": [
    "ly6scIweEe6QxwD-mz8-tv", 
    16
   ]
  }, 
  "134253674": {
   "__tuple__": true, 
   "items": [
    "ly6scIweEe6QxwD-mz8-tv", 
    17
   ]
  }, 
  "134230354": {
   "__tuple__": true, 
   "items": [
    "ly6scIweEe6QxwD-mz8-tv", 
    18
   ]
  }, 
  "134230268": {
   "__tuple__": true, 
   "items": [
    "ly6scIweEe6QxwD-mz8-tv", 
    19
   ]
  }, 
  "134260905": {
   "__tuple__": true, 
   "items": [
    "ly6scIweEe6QxwD-mz8-tv", 
    20
   ]
  }, 
  "134231195": {
   "__tuple__": true, 
   "items": [
    "ly6scIweEe6QxwD-mz8-tv", 
    21
   ]
  }, 
  "134258773": {
   "__tuple__": true, 
   "items": [
    "ly6scIweEe6QxwD-mz8-tv", 
    22
   ]
  }, 
  "134230497": {
   "__tuple__": true, 
   "items": [
    "ly6scIweEe6QxwD-mz8-tv", 
    23
   ]
  }, 
  "134240465": {
   "__tuple__": true, 
   "items": [
    "ly6scIweEe6QxwD-mz8-tv", 
    24
   ]
  }, 
  "134260770": {
   "__tuple__": true, 
   "items": [
    "ly6scIweEe6QxwD-mz8-tv", 
    25
   ]
  }, 
  "134269433": {
   "__tuple__": true, 
   "items": [
    "ly6scIweEe6QxwD-mz8-tv", 
    26
   ]
  }, 
  "134245802": {
   "__tuple__": true, 
   "items": [
    "ly6scIweEe6QxwD-mz8-tv", 
    27
   ]
  }, 
  "134260717": {
   "__tuple__": true, 
   "items": [
    "ly6scIweEe6QxwD-mz8-tv", 
    28
   ]
  }, 
  "134260825": {
   "__tuple__": true, 
   "items": [
    "ly6scIweEe6QxwD-mz8-tv", 
    29
   ]
  }, 
  "134278908": {
   "__tuple__": true, 
   "items": [
    "ly6scIweEe6QxwD-mz8-tv", 
    30
   ]
  }, 
  "134225909": {
   "__tuple__": true, 
   "items": [
    "ly6scIweEe6QxwD-mz8-tv", 
    31
   ]
  }, 
  "134255885": {
   "__tuple__": true, 
   "items": [
    "ly6scIweEe6QxwD-mz8-tv", 
    32
   ]
  }, 
  "134227066": {
   "__tuple__": true, 
   "items": [
    "ly6scIweEe6QxwD-mz8-tv", 
    33
   ]
  }, 
  "134256638": {
   "__tuple__": true, 
   "items": [
    "ly6scIweEe6QxwD-mz8-tv", 
    34
   ]
  }, 
  "134261210": {
   "__tuple__": true, 
   "items": [
    "ly6scIweEe6QxwD-mz8-tv", 
    35
   ]
  }, 
  "134231330": {
   "__tuple__": true, 
   "items": [
    "ly6scIweEe6QxwD-mz8-tv", 
    36
   ]
  }, 
  "134223047": {
   "__tuple__": true, 
   "items": [
    "ly6scIweEe6QxwD-mz8-tv", 
    37
   ]
  }, 
  "134239454": {
   "__tuple__": true, 
   "items": [
    "ly6scIweEe6QxwD-mz8-tv", 
    38
   ]
  }, 
  "134281960": {
   "__tuple__": true, 
   "items": [
    "ly6scIweEe6QxwD-mz8-tv", 
    39
   ]
  }, 
  "134230181": {
   "__tuple__": true, 
   "items": [
    "ly6scIweEe6QxwD-mz8-tv", 
    40
   ]
  }, 
  "134274426": {
   "__tuple__": true, 
   "items": [
    2147483647, 
    2
   ]
  }, 
  "134228328": {
   "__tuple__": true, 
   "items": [
    2147483647, 
    3
   ]
  }, 
  "134256994": {
   "__tuple__": true, 
   "items": [
    2147483647, 
    4
   ]
  }, 
  "134245942": {
   "__tuple__": true, 
   "items": [
    2147483647, 
    5
   ]
  }, 
  "134282372": {
   "__tuple__": true, 
   "items": [
    2147483647, 
    6
   ]
  }, 
  "134218413": {
   "__tuple__": true, 
   "items": [
    2147483647, 
    7
   ]
  }, 
  "134236381": {
   "__tuple__": true, 
   "items": [
    2147483647, 
    8
   ]
  }, 
  "134226143": {
   "__tuple__": true, 
   "items": [
    2147483647, 
    9
   ]
  }, 
  "134244643": {
   "__tuple__": true, 
   "items": [
    2147483647, 
    10
   ]
  }, 
  "134259459": {
   "__tuple__": true, 
   "items": [
    2147483647, 
    11
   ]
  }, 
  "134250437": {
   "__tuple__": true, 
   "items": [
    2147483647, 
    12
   ]
  }, 
  "134277737": {
   "__tuple__": true, 
   "items": [
    2147483647, 
    13
   ]
  }, 
  "134271823": {
   "__tuple__": true, 
   "items": [
    2147483647, 
    14
   ]
  }, 
  "134225860": {
   "__tuple__": true, 
   "items": [
    2147483647, 
    15
   ]
  }, 
  "134231991": {
   "__tuple__": true, 
   "items": [
    2147483647, 
    16
   ]
  }, 
  "134221910": {
   "__tuple__": true, 
   "items": [
    2147483647, 
    17
   ]
  }, 
  "134255788": {
   "__tuple__": true, 
   "items": [
    2147483647, 
    18
   ]
  }, 
  "134255928": {
   "__tuple__": true, 
   "items": [
    2147483647, 
    19
   ]
  }, 
  "134259720": {
   "__tuple__": true, 
   "items": [
    2147483647, 
    20
   ]
  }, 
  "134222676": {
   "__tuple__": true, 
   "items": [
    2147483647, 
    21
   ]
  }, 
  "134225249": {
   "__tuple__": true, 
   "items": [
    2147483647, 
    22
   ]
  }, 
  "134279807": {
   "__tuple__": true, 
   "items": [
    2147483647, 
    23
   ]
  }, 
  "134239852": {
   "__tuple__": true, 
   "items": [
    2147483647, 
    24
   ]
  }, 
  "134264732": {
   "__tuple__": true, 
   "items": [
    2147483647, 
    25
   ]
  }, 
  "134240749": {
   "__tuple__": true, 
   "items": [
    2147483647, 
    26
   ]
  }, 
  "134272907": {
   "__tuple__": true, 
   "items": [
    2147483647, 
    27
   ]
  }, 
  "134262692": {
   "__tuple__": true, 
   "items": [
    2147483647, 
    28
   ]
  }, 
  "134260207": {
   "__tuple__": true, 
   "items": [
    2147483647, 
    29
   ]
  }, 
  "134283013": {
   "__tuple__": true, 
   "items": [
    2147483647, 
    30
   ]
  }, 
  "134228203": {
   "__tuple__": true, 
   "items": [
    2147483647, 
    31
   ]
  }, 
  "134276668": {
   "__tuple__": true, 
   "items": [
    2147483647, 
    32
   ]
  }, 
  "134219355": {
   "__tuple__": true, 
   "items": [
    2147483647, 
    33
   ]
  }, 
  "134267443": {
   "__tuple__": true, 
   "items": [
    2147483647, 
    34
   ]
  }, 
  "134263173": {
   "__tuple__": true, 
   "items": [
    2147483647, 
    35
   ]
  }, 
  "134262303": {
   "__tuple__": true, 
   "items": [
    2147483647, 
    36
   ]
  }, 
  "134283070": {
   "__tuple__": true, 
   "items": [
    2147483647, 
    37
   ]
  }, 
  "134275104": {
   "__tuple__": true, 
   "items": [
    2147483647, 
    38
   ]
  }, 
  "134220217": {
   "__tuple__": true, 
   "items": [
    2147483647, 
    39
   ]
  }, 
  "134249823": {
   "__tuple__": true, 
   "items": [
    2147483647, 
    40
   ]
  }, 
  "134275611": {
   "__tuple__": true, 
   "items": [
    2147483647, 
    41
   ]
  }, 
  "134224847": {
   "__tuple__": true, 
   "items": [
    2147483647, 
    42
   ]
  }, 
  "134262334": {
   "__tuple__": true, 
   "items": [
    2147483647, 
    43
   ]
  }, 
  "134270790": {
   "__tuple__": true, 
   "items": [
    2147483647, 
    44
   ]
  }, 
  "134219092": {
   "__tuple__": true, 
   "items": [
    2147483647, 
    45
   ]
  }, 
  "134247178": {
   "__tuple__": true, 
   "items": [
    2147483647, 
    46
   ]
  }, 
  "134278157": {
   "__tuple__": true, 
   "items": [
    2147483647, 
    47
   ]
  }
 }
}