{
 "f": [
  {
   "__tuple__": true, 
   "items": [
    "", 
    0, 
    2147483647, 
    "code_explorer_custom_root_folder_name"
   ]
  }
 ], 
 "d": {
  "134254398": {
   "__tuple__": true, 
   "items": [
    2147483647, 
    0
   ]
  }, 
  "134249076": {
   "__tuple__": true, 
   "items": [
    2147483647, 
    1
   ]
  }, 
  "134254594": {
   "__tuple__": true, 
   "items": [
    2147483647, 
    2
   ]
  }, 
  "134280611": {
   "__tuple__": true, 
   "items": [
    2147483647, 
    3
   ]
  }, 
  "134254073": {
   "__tuple__": true, 
   "items": [
    2147483647, 
    4
   ]
  }, 
  "134260378": {
   "__tuple__": true, 
   "items": [
    2147483647, 
    5
   ]
  }, 
  "134239804": {
   "__tuple__": true, 
   "items": [
    2147483647, 
    6
   ]
  }, 
  "134218307": {
   "__tuple__": true, 
   "items": [
    2147483647, 
    7
   ]
  }, 
  "134252908": {
   "__tuple__": true, 
   "items": [
    2147483647, 
    8
   ]
  }, 
  "134266854": {
   "__tuple__": true, 
   "items": [
    2147483647, 
    9
   ]
  }, 
  "134280727": {
   "__tuple__": true, 
   "items": [
    2147483647, 
    10
   ]
  }, 
  "134248355": {
   "__tuple__": true, 
   "items": [
    2147483647, 
    11
   ]
  }, 
  "134271401": {
   "__tuple__": true, 
   "items": [
    2147483647, 
    12
   ]
  }, 
  "134263565": {
   "__tuple__": true, 
   "items": [
    2147483647, 
    13
   ]
  }, 
  "134231239": {
   "__tuple__": true, 
   "items": [
    2147483647, 
    14
   ]
  }, 
  "134253984": {
   "__tuple__": true, 
   "items": [
    2147483647, 
    15
   ]
  }, 
  "134233901": {
   "__tuple__": true, 
   "items": [
    2147483647, 
    16
   ]
  }, 
  "134259867": {
   "__tuple__": true, 
   "items": [
    2147483647, 
    17
   ]
  }, 
  "134234507": {
   "__tuple__": true, 
   "items": [
    2147483647, 
    18
   ]
  }, 
  "134283109": {
   "__tuple__": true, 
   "items": [
    2147483647, 
    19
   ]
  }, 
  "134234432": {
   "__tuple__": true, 
   "items": [
    2147483647, 
    20
   ]
  }
 }
}