{
 "f": [
  {
   "__tuple__": true, 
   "items": [
    "", 
    0, 
    2147483647, 
    "code_explorer_custom_root_folder_name"
   ]
  }, 
  {
   "__tuple__": true, 
   "items": [
    "/2147483647", 
    0, 
    "J+PlcIw7Ee6VKAD-mz8-tl", 
    "\u4e3b\u89d2"
   ]
  }, 
  {
   "__tuple__": true, 
   "items": [
    "/2147483647", 
    1, 
    "Kqyg3pJmEe6oVIwWRYu406", 
    "Q\u6280\u80fd"
   ]
  }, 
  {
   "__tuple__": true, 
   "items": [
    "/2147483647", 
    2, 
    "LbgMYYzlEe6rRwD-mz8-tp", 
    "\u91d1\u9f99\u72b6\u6001"
   ]
  }, 
  {
   "__tuple__": true, 
   "items": [
    "/2147483647", 
    3, 
    "NheEQIzuEe6sGQD-mz8-tg", 
    "\u706b\u87fe\u870d\u72b6\u6001"
   ]
  }, 
  {
   "__tuple__": true, 
   "items": [
    "/2147483647", 
    4, 
    "CM0YT4bcEe6xbowWRYu405", 
    "\u666e\u653b1"
   ]
  }, 
  {
   "__tuple__": true, 
   "items": [
    "/2147483647", 
    5, 
    "EDg0MIbcEe6R0owWRYu409", 
    "\u666e\u653b2"
   ]
  }, 
  {
   "__tuple__": true, 
   "items": [
    "/2147483647", 
    6, 
    "t8sBD5AdEe60-IwWRYu40w", 
    "\u524d\u950b\u5766\u514b\u6280\u80fd"
   ]
  }, 
  {
   "__tuple__": true, 
   "items": [
    "/2147483647", 
    7, 
    "yN2vgJM3Ee62QowWRYu401", 
    "\u5904\u51b3\u6280\u80fd"
   ]
  }
 ], 
 "d": {
  "134254254": {
   "__tuple__": true, 
   "items": [
    "J+PlcIw7Ee6VKAD-mz8-tl", 
    0
   ]
  }, 
  "134221853": {
   "__tuple__": true, 
   "items": [
    "J+PlcIw7Ee6VKAD-mz8-tl", 
    1
   ]
  }, 
  "134235065": {
   "__tuple__": true, 
   "items": [
    "J+PlcIw7Ee6VKAD-mz8-tl", 
    2
   ]
  }, 
  "134219456": {
   "__tuple__": true, 
   "items": [
    "Kqyg3pJmEe6oVIwWRYu406", 
    0
   ]
  }, 
  "134271184": {
   "__tuple__": true, 
   "items": [
    "Kqyg3pJmEe6oVIwWRYu406", 
    1
   ]
  }, 
  "134243564": {
   "__tuple__": true, 
   "items": [
    "Kqyg3pJmEe6oVIwWRYu406", 
    2
   ]
  }, 
  "134234896": {
   "__tuple__": true, 
   "items": [
    "Kqyg3pJmEe6oVIwWRYu406", 
    3
   ]
  }, 
  "134222349": {
   "__tuple__": true, 
   "items": [
    "LbgMYYzlEe6rRwD-mz8-tp", 
    0
   ]
  }, 
  "134218270": {
   "__tuple__": true, 
   "items": [
    "LbgMYYzlEe6rRwD-mz8-tp", 
    1
   ]
  }, 
  "134245112": {
   "__tuple__": true, 
   "items": [
    "LbgMYYzlEe6rRwD-mz8-tp", 
    2
   ]
  }, 
  "134246724": {
   "__tuple__": true, 
   "items": [
    "NheEQIzuEe6sGQD-mz8-tg", 
    0
   ]
  }, 
  "134262835": {
   "__tuple__": true, 
   "items": [
    "NheEQIzuEe6sGQD-mz8-tg", 
    1
   ]
  }, 
  "134217744": {
   "__tuple__": true, 
   "items": [
    "NheEQIzuEe6sGQD-mz8-tg", 
    2
   ]
  }, 
  "134257453": {
   "__tuple__": true, 
   "items": [
    "CM0YT4bcEe6xbowWRYu405", 
    0
   ]
  }, 
  "134242915": {
   "__tuple__": true, 
   "items": [
    "CM0YT4bcEe6xbowWRYu405", 
    1
   ]
  }, 
  "134258630": {
   "__tuple__": true, 
   "items": [
    "CM0YT4bcEe6xbowWRYu405", 
    2
   ]
  }, 
  "134246413": {
   "__tuple__": true, 
   "items": [
    "EDg0MIbcEe6R0owWRYu409", 
    0
   ]
  }, 
  "134250230": {
   "__tuple__": true, 
   "items": [
    "EDg0MIbcEe6R0owWRYu409", 
    1
   ]
  }, 
  "134262696": {
   "__tuple__": true, 
   "items": [
    "EDg0MIbcEe6R0owWRYu409", 
    2
   ]
  }, 
  "134259180": {
   "__tuple__": true, 
   "items": [
    "t8sBD5AdEe60-IwWRYu40w", 
    0
   ]
  }, 
  "134240008": {
   "__tuple__": true, 
   "items": [
    "t8sBD5AdEe60-IwWRYu40w", 
    1
   ]
  }, 
  "134280793": {
   "__tuple__": true, 
   "items": [
    "t8sBD5AdEe60-IwWRYu40w", 
    2
   ]
  }, 
  "134269194": {
   "__tuple__": true, 
   "items": [
    "t8sBD5AdEe60-IwWRYu40w", 
    3
   ]
  }, 
  "134280735": {
   "__tuple__": true, 
   "items": [
    "yN2vgJM3Ee62QowWRYu401", 
    0
   ]
  }, 
  "134275211": {
   "__tuple__": true, 
   "items": [
    "yN2vgJM3Ee62QowWRYu401", 
    1
   ]
  }
 }
}