{
 "f": [
  {
   "__tuple__": true, 
   "items": [
    "", 
    0, 
    2147483647, 
    "code_explorer_custom_root_folder_name"
   ]
  }
 ], 
 "d": {
  "134273516": {
   "__tuple__": true, 
   "items": [
    2147483647, 
    0
   ]
  }, 
  "134221560": {
   "__tuple__": true, 
   "items": [
    2147483647, 
    1
   ]
  }, 
  "134239493": {
   "__tuple__": true, 
   "items": [
    2147483647, 
    2
   ]
  }, 
  "134263168": {
   "__tuple__": true, 
   "items": [
    2147483647, 
    3
   ]
  }, 
  "134223416": {
   "__tuple__": true, 
   "items": [
    2147483647, 
    4
   ]
  }, 
  "134217815": {
   "__tuple__": true, 
   "items": [
    2147483647, 
    5
   ]
  }, 
  "134229914": {
   "__tuple__": true, 
   "items": [
    2147483647, 
    6
   ]
  }, 
  "134270654": {
   "__tuple__": true, 
   "items": [
    2147483647, 
    7
   ]
  }, 
  "134237562": {
   "__tuple__": true, 
   "items": [
    2147483647, 
    8
   ]
  }
 }
}