{
 "f": [
  {
   "__tuple__": true, 
   "items": [
    "", 
    0, 
    2147483647, 
    "code_explorer_custom_root_folder_name"
   ]
  }, 
  {
   "__tuple__": true, 
   "items": [
    "/2147483647", 
    0, 
    "g8i8D541Ee6CeYwWRYu408", 
    "\u9ed1"
   ]
  }, 
  {
   "__tuple__": true, 
   "items": [
    "/2147483647", 
    1, 
    "p3wKwJM4Ee68FIwWRYu409", 
    "\u6807\u8bb0"
   ]
  }, 
  {
   "__tuple__": true, 
   "items": [
    "/2147483647", 
    2, 
    "GhmlT5JjEe67nIwWRYu400", 
    "\u53f3\u952e\u6d3e\u751f\u6280\u80fd"
   ]
  }, 
  {
   "__tuple__": true, 
   "items": [
    "/2147483647", 
    3, 
    "68uM3pJiEe64Z4wWRYu404", 
    "\u51b0/\u6c34"
   ]
  }, 
  {
   "__tuple__": true, 
   "items": [
    "/2147483647", 
    4, 
    "3CE8QJJiEe6uuIwWRYu40z", 
    "\u5176\u4ed6"
   ]
  }, 
  {
   "__tuple__": true, 
   "items": [
    "/2147483647", 
    5, 
    "85hMwJAdEe6FQYwWRYu405", 
    "\u524d\u950b\u5766\u514b"
   ]
  }, 
  {
   "__tuple__": true, 
   "items": [
    "/2147483647", 
    6, 
    "aeAfMI3KEe6VOowWRYu402", 
    "\u5c0f\u602a\u7269\u77db"
   ]
  }, 
  {
   "__tuple__": true, 
   "items": [
    "/2147483647", 
    7, 
    "dv-GwI2dEe66cowWRYu40w", 
    "\u666e\u901a"
   ]
  }, 
  {
   "__tuple__": true, 
   "items": [
    "/2147483647", 
    8, 
    "MOaNwI2aEe6kh4wWRYu406", 
    "\u706b"
   ]
  }, 
  {
   "__tuple__": true, 
   "items": [
    "/2147483647", 
    9, 
    "oNmnD42bEe69nIwWRYu40-", 
    "\u91d1"
   ]
  }, 
  {
   "__tuple__": true, 
   "items": [
    "/2147483647", 
    10, 
    "iDs2wI0xEe6LewD-mz8-ti", 
    "\u77f3\u9b54\u6253\u9f3e"
   ]
  }, 
  {
   "__tuple__": true, 
   "items": [
    "/2147483647", 
    12, 
    "l8FQgJNmEe6PxIwWRYu407", 
    "\u5904\u51b3\u7279\u6548"
   ]
  }
 ], 
 "d": {
  "134226882": {
   "__tuple__": true, 
   "items": [
    "g8i8D541Ee6CeYwWRYu408", 
    0
   ]
  }, 
  "134281377": {
   "__tuple__": true, 
   "items": [
    "g8i8D541Ee6CeYwWRYu408", 
    1
   ]
  }, 
  "134226986": {
   "__tuple__": true, 
   "items": [
    "g8i8D541Ee6CeYwWRYu408", 
    2
   ]
  }, 
  "134264889": {
   "__tuple__": true, 
   "items": [
    "g8i8D541Ee6CeYwWRYu408", 
    3
   ]
  }, 
  "134275040": {
   "__tuple__": true, 
   "items": [
    "g8i8D541Ee6CeYwWRYu408", 
    4
   ]
  }, 
  "134227583": {
   "__tuple__": true, 
   "items": [
    "g8i8D541Ee6CeYwWRYu408", 
    5
   ]
  }, 
  "134220598": {
   "__tuple__": true, 
   "items": [
    "g8i8D541Ee6CeYwWRYu408", 
    6
   ]
  }, 
  "134259001": {
   "__tuple__": true, 
   "items": [
    "g8i8D541Ee6CeYwWRYu408", 
    7
   ]
  }, 
  "134277496": {
   "__tuple__": true, 
   "items": [
    "g8i8D541Ee6CeYwWRYu408", 
    8
   ]
  }, 
  "134236502": {
   "__tuple__": true, 
   "items": [
    "g8i8D541Ee6CeYwWRYu408", 
    9
   ]
  }, 
  "134263980": {
   "__tuple__": true, 
   "items": [
    "g8i8D541Ee6CeYwWRYu408", 
    10
   ]
  }, 
  "134256570": {
   "__tuple__": true, 
   "items": [
    "g8i8D541Ee6CeYwWRYu408", 
    11
   ]
  }, 
  "134247282": {
   "__tuple__": true, 
   "items": [
    "p3wKwJM4Ee68FIwWRYu409", 
    0
   ]
  }, 
  "134229587": {
   "__tuple__": true, 
   "items": [
    "p3wKwJM4Ee68FIwWRYu409", 
    1
   ]
  }, 
  "134272497": {
   "__tuple__": true, 
   "items": [
    "GhmlT5JjEe67nIwWRYu400", 
    0
   ]
  }, 
  "134245048": {
   "__tuple__": true, 
   "items": [
    "GhmlT5JjEe67nIwWRYu400", 
    1
   ]
  }, 
  "134225885": {
   "__tuple__": true, 
   "items": [
    "GhmlT5JjEe67nIwWRYu400", 
    2
   ]
  }, 
  "134228082": {
   "__tuple__": true, 
   "items": [
    "GhmlT5JjEe67nIwWRYu400", 
    3
   ]
  }, 
  "134276567": {
   "__tuple__": true, 
   "items": [
    "GhmlT5JjEe67nIwWRYu400", 
    4
   ]
  }, 
  "134262180": {
   "__tuple__": true, 
   "items": [
    "GhmlT5JjEe67nIwWRYu400", 
    5
   ]
  }, 
  "134260736": {
   "__tuple__": true, 
   "items": [
    "GhmlT5JjEe67nIwWRYu400", 
    6
   ]
  }, 
  "134229410": {
   "__tuple__": true, 
   "items": [
    "68uM3pJiEe64Z4wWRYu404", 
    0
   ]
  }, 
  "134245829": {
   "__tuple__": true, 
   "items": [
    "68uM3pJiEe64Z4wWRYu404", 
    1
   ]
  }, 
  "134254061": {
   "__tuple__": true, 
   "items": [
    "68uM3pJiEe64Z4wWRYu404", 
    2
   ]
  }, 
  "134225226": {
   "__tuple__": true, 
   "items": [
    "68uM3pJiEe64Z4wWRYu404", 
    3
   ]
  }, 
  "134228322": {
   "__tuple__": true, 
   "items": [
    "3CE8QJJiEe6uuIwWRYu40z", 
    0
   ]
  }, 
  "134265306": {
   "__tuple__": true, 
   "items": [
    "3CE8QJJiEe6uuIwWRYu40z", 
    1
   ]
  }, 
  "134238404": {
   "__tuple__": true, 
   "items": [
    "85hMwJAdEe6FQYwWRYu405", 
    0
   ]
  }, 
  "134225419": {
   "__tuple__": true, 
   "items": [
    "85hMwJAdEe6FQYwWRYu405", 
    1
   ]
  }, 
  "134251676": {
   "__tuple__": true, 
   "items": [
    "85hMwJAdEe6FQYwWRYu405", 
    2
   ]
  }, 
  "134228079": {
   "__tuple__": true, 
   "items": [
    "85hMwJAdEe6FQYwWRYu405", 
    3
   ]
  }, 
  "134282296": {
   "__tuple__": true, 
   "items": [
    "85hMwJAdEe6FQYwWRYu405", 
    4
   ]
  }, 
  "134232286": {
   "__tuple__": true, 
   "items": [
    "85hMwJAdEe6FQYwWRYu405", 
    5
   ]
  }, 
  "134228384": {
   "__tuple__": true, 
   "items": [
    "aeAfMI3KEe6VOowWRYu402", 
    0
   ]
  }, 
  "134259098": {
   "__tuple__": true, 
   "items": [
    "aeAfMI3KEe6VOowWRYu402", 
    1
   ]
  }, 
  "134243560": {
   "__tuple__": true, 
   "items": [
    "dv-GwI2dEe66cowWRYu40w", 
    0
   ]
  }, 
  "134251072": {
   "__tuple__": true, 
   "items": [
    "dv-GwI2dEe66cowWRYu40w", 
    1
   ]
  }, 
  "134259726": {
   "__tuple__": true, 
   "items": [
    "dv-GwI2dEe66cowWRYu40w", 
    2
   ]
  }, 
  "134250459": {
   "__tuple__": true, 
   "items": [
    "dv-GwI2dEe66cowWRYu40w", 
    3
   ]
  }, 
  "134223621": {
   "__tuple__": true, 
   "items": [
    "dv-GwI2dEe66cowWRYu40w", 
    4
   ]
  }, 
  "134261090": {
   "__tuple__": true, 
   "items": [
    "dv-GwI2dEe66cowWRYu40w", 
    5
   ]
  }, 
  "134244270": {
   "__tuple__": true, 
   "items": [
    "dv-GwI2dEe66cowWRYu40w", 
    6
   ]
  }, 
  "134241969": {
   "__tuple__": true, 
   "items": [
    "dv-GwI2dEe66cowWRYu40w", 
    7
   ]
  }, 
  "134240986": {
   "__tuple__": true, 
   "items": [
    "MOaNwI2aEe6kh4wWRYu406", 
    0
   ]
  }, 
  "134260013": {
   "__tuple__": true, 
   "items": [
    "MOaNwI2aEe6kh4wWRYu406", 
    1
   ]
  }, 
  "134278476": {
   "__tuple__": true, 
   "items": [
    "MOaNwI2aEe6kh4wWRYu406", 
    2
   ]
  }, 
  "134243892": {
   "__tuple__": true, 
   "items": [
    "MOaNwI2aEe6kh4wWRYu406", 
    3
   ]
  }, 
  "134229045": {
   "__tuple__": true, 
   "items": [
    "MOaNwI2aEe6kh4wWRYu406", 
    4
   ]
  }, 
  "134220671": {
   "__tuple__": true, 
   "items": [
    "oNmnD42bEe69nIwWRYu40-", 
    0
   ]
  }, 
  "134232826": {
   "__tuple__": true, 
   "items": [
    "oNmnD42bEe69nIwWRYu40-", 
    1
   ]
  }, 
  "134270781": {
   "__tuple__": true, 
   "items": [
    "oNmnD42bEe69nIwWRYu40-", 
    2
   ]
  }, 
  "134281429": {
   "__tuple__": true, 
   "items": [
    "oNmnD42bEe69nIwWRYu40-", 
    3
   ]
  }, 
  "134253427": {
   "__tuple__": true, 
   "items": [
    "oNmnD42bEe69nIwWRYu40-", 
    4
   ]
  }, 
  "134282570": {
   "__tuple__": true, 
   "items": [
    "oNmnD42bEe69nIwWRYu40-", 
    5
   ]
  }, 
  "134228252": {
   "__tuple__": true, 
   "items": [
    "oNmnD42bEe69nIwWRYu40-", 
    6
   ]
  }, 
  "134259793": {
   "__tuple__": true, 
   "items": [
    "oNmnD42bEe69nIwWRYu40-", 
    7
   ]
  }, 
  "134271358": {
   "__tuple__": true, 
   "items": [
    "iDs2wI0xEe6LewD-mz8-ti", 
    0
   ]
  }, 
  "134283231": {
   "__tuple__": true, 
   "items": [
    "iDs2wI0xEe6LewD-mz8-ti", 
    1
   ]
  }, 
  "134234913": {
   "__tuple__": true, 
   "items": [
    2147483647, 
    11
   ]
  }, 
  "134236336": {
   "__tuple__": true, 
   "items": [
    "l8FQgJNmEe6PxIwWRYu407", 
    0
   ]
  }, 
  "134225020": {
   "__tuple__": true, 
   "items": [
    2147483647, 
    13
   ]
  }
 }
}