{
    "local_variable": {}, 
    "trigger_dict": {
        "134635521": {
            "action": [
                {
                    "action_type": "CREATE_PROJECTILE_NEW", 
                    "args_list": [
                        {
                            "arg_type": 100062, 
                            "args_list": [
                                134282296
                            ], 
                            "sub_type": 1
                        }, 
                        {
                            "arg_type": 100004, 
                            "args_list": [
                                {
                                    "arg_type": 100006, 
                                    "args_list": [], 
                                    "sub_type": "ABILITY_OWNER"
                                }
                            ], 
                            "sub_type": "UNIT_ENTITY_POINT"
                        }, 
                        {
                            "arg_type": 100006, 
                            "args_list": [], 
                            "sub_type": "ABILITY_OWNER"
                        }
                    ], 
                    "bp": false, 
                    "element_id": 134635521000002, 
                    "enable": true, 
                    "op_arg": [
                        {
                            "arg_type": 100225, 
                            "args_list": [
                                {
                                    "arg_type": 100014, 
                                    "args_list": [], 
                                    "sub_type": "CUR_ABILITY"
                                }
                            ], 
                            "sub_type": "GET_ABILITY_RELEASE_DIRECTION"
                        }, 
                        null, 
                        {
                            "arg_type": 100000, 
                            "args_list": [
                                1.0
                            ], 
                            "sub_type": 1
                        }, 
                        null, 
                        null, 
                        {
                            "arg_type": 100001, 
                            "args_list": [
                                true
                            ], 
                            "sub_type": 1
                        }
                    ], 
                    "op_arg_enable": [
                        true, 
                        false, 
                        true, 
                        false, 
                        false, 
                        false
                    ]
                }, 
                {
                    "action_type": "CHANGE_UNIT_FACE_ANGLE", 
                    "args_list": [
                        {
                            "arg_type": 100006, 
                            "args_list": [
                                [
                                    "UNIT_ENTITY", 
                                    "UnitLead"
                                ]
                            ], 
                            "sub_type": 11
                        }, 
                        {
                            "arg_type": 100225, 
                            "args_list": [
                                {
                                    "arg_type": 100014, 
                                    "args_list": [], 
                                    "sub_type": "CUR_ABILITY"
                                }
                            ], 
                            "sub_type": "GET_ABILITY_RELEASE_DIRECTION"
                        }
                    ], 
                    "bp": false, 
                    "element_id": 1600671745000027, 
                    "enable": true, 
                    "op_arg": [
                        null
                    ], 
                    "op_arg_enable": [
                        false
                    ]
                }, 
                {
                    "action_type": "ADD_STATE", 
                    "args_list": [
                        {
                            "arg_type": 100006, 
                            "args_list": [], 
                            "sub_type": "ABILITY_OWNER"
                        }, 
                        {
                            "arg_type": 100075, 
                            "args_list": [
                                8
                            ], 
                            "sub_type": 1
                        }
                    ], 
                    "bp": false, 
                    "element_id": 134635521000006, 
                    "enable": true
                }, 
                {
                    "action_type": "ADD_STATE", 
                    "args_list": [
                        {
                            "arg_type": 100006, 
                            "args_list": [], 
                            "sub_type": "ABILITY_OWNER"
                        }, 
                        {
                            "arg_type": 100075, 
                            "args_list": [
                                16
                            ], 
                            "sub_type": 1
                        }
                    ], 
                    "bp": false, 
                    "element_id": 134635521000009, 
                    "enable": true
                }
            ], 
            "call_enabled": true, 
            "condition": [], 
            "enabled": true, 
            "event": [
                {
                    "args_list": [], 
                    "element_id": 134635521000001, 
                    "enable": true, 
                    "event_type": "ABILITY_PS_START"
                }
            ], 
            "group_id": 134280793, 
            "p_trigger_id": null, 
            "trigger_id": 134635521, 
            "trigger_name": "\u65b0\u5efa\u89e6\u53d1\u5668", 
            "valid": true
        }, 
        "172654596": {
            "action": [
                {
                    "action_type": "CREATE_PROJECTILE_NEW", 
                    "args_list": [
                        {
                            "arg_type": 100062, 
                            "args_list": [
                                134251676
                            ], 
                            "sub_type": 1
                        }, 
                        {
                            "arg_type": 100004, 
                            "args_list": [
                                {
                                    "arg_type": 100006, 
                                    "args_list": [], 
                                    "sub_type": "ABILITY_OWNER"
                                }
                            ], 
                            "sub_type": "UNIT_ENTITY_POINT"
                        }, 
                        {
                            "arg_type": 100006, 
                            "args_list": [], 
                            "sub_type": "ABILITY_OWNER"
                        }
                    ], 
                    "bp": false, 
                    "element_id": 419880962000008, 
                    "enable": true, 
                    "op_arg": [
                        {
                            "arg_type": 100225, 
                            "args_list": [
                                {
                                    "arg_type": 100014, 
                                    "args_list": [], 
                                    "sub_type": "CUR_ABILITY"
                                }
                            ], 
                            "sub_type": "GET_ABILITY_RELEASE_DIRECTION"
                        }, 
                        null, 
                        null, 
                        null, 
                        null, 
                        {
                            "arg_type": 100001, 
                            "args_list": [
                                true
                            ], 
                            "sub_type": 1
                        }
                    ], 
                    "op_arg_enable": [
                        true, 
                        false, 
                        false, 
                        false, 
                        false, 
                        false
                    ]
                }, 
                {
                    "action_type": "PICK_UNIT_DO_ACTION", 
                    "args_list": [
                        {
                            "arg_type": 100026, 
                            "args_list": [
                                {
                                    "arg_type": 100004, 
                                    "args_list": [
                                        {
                                            "arg_type": 100006, 
                                            "args_list": [], 
                                            "sub_type": "ABILITY_OWNER"
                                        }
                                    ], 
                                    "sub_type": "UNIT_ENTITY_POINT"
                                }, 
                                {
                                    "arg_type": 100211, 
                                    "args_list": [
                                        {
                                            "arg_type": 100000, 
                                            "args_list": [
                                                700.0
                                            ], 
                                            "sub_type": 1
                                        }
                                    ], 
                                    "sub_type": "CONST_CIRCULAR_SHAPE"
                                }
                            ], 
                            "op_arg": [
                                {
                                    "arg_type": 100025, 
                                    "args_list": [
                                        [
                                            "PLAYER", 
                                            "PlayerLead"
                                        ]
                                    ], 
                                    "sub_type": "VARIABLE"
                                }, 
                                null, 
                                null, 
                                null, 
                                null, 
                                null, 
                                null, 
                                null, 
                                null, 
                                null, 
                                null, 
                                {
                                    "arg_type": 100001, 
                                    "args_list": [
                                        false
                                    ], 
                                    "sub_type": 1
                                }, 
                                null, 
                                null
                            ], 
                            "op_arg_enable": [
                                true, 
                                false, 
                                false, 
                                false, 
                                false, 
                                false, 
                                false, 
                                false, 
                                false, 
                                false, 
                                false, 
                                true, 
                                false, 
                                false
                            ], 
                            "sub_type": "UNIT_LIST_IN_SHAPE"
                        }, 
                        {
                            "arg_type": 100022, 
                            "args_list": [
                                {
                                    "action_type": "APPLY_DAMAGE", 
                                    "args_list": [
                                        {
                                            "arg_type": 100006, 
                                            "args_list": [], 
                                            "sub_type": "ABILITY_OWNER"
                                        }, 
                                        {
                                            "arg_type": 100014, 
                                            "args_list": [], 
                                            "sub_type": "CUR_ABILITY"
                                        }, 
                                        {
                                            "arg_type": 100006, 
                                            "args_list": [], 
                                            "sub_type": "FOR_EACH_SELECTED_UNIT"
                                        }, 
                                        {
                                            "arg_type": 100064, 
                                            "args_list": [
                                                0
                                            ], 
                                            "sub_type": 1
                                        }, 
                                        {
                                            "arg_type": 100000, 
                                            "args_list": [
                                                400.0
                                            ], 
                                            "sub_type": 1
                                        }, 
                                        {
                                            "arg_type": 100001, 
                                            "args_list": [
                                                true
                                            ], 
                                            "sub_type": 1
                                        }
                                    ], 
                                    "bp": false, 
                                    "element_id": 419880962000003, 
                                    "enable": true, 
                                    "op_arg": [
                                        {
                                            "arg_type": 100001, 
                                            "args_list": [
                                                true
                                            ], 
                                            "sub_type": 1
                                        }, 
                                        {
                                            "arg_type": 100001, 
                                            "args_list": [
                                                true
                                            ], 
                                            "sub_type": 1
                                        }, 
                                        {
                                            "arg_type": 100001, 
                                            "args_list": [
                                                true
                                            ], 
                                            "sub_type": 1
                                        }, 
                                        null, 
                                        null, 
                                        null
                                    ], 
                                    "op_arg_enable": [
                                        false, 
                                        false, 
                                        false, 
                                        false, 
                                        false, 
                                        false
                                    ]
                                }, 
                                {
                                    "action_type": "CREATE_PROJECTILE_ON_SOCKET", 
                                    "args_list": [
                                        {
                                            "arg_type": 100062, 
                                            "args_list": [
                                                134232286
                                            ], 
                                            "sub_type": 1
                                        }, 
                                        {
                                            "arg_type": 100006, 
                                            "args_list": [], 
                                            "sub_type": "FOR_EACH_SELECTED_UNIT"
                                        }, 
                                        {
                                            "arg_type": 100003, 
                                            "args_list": [
                                                "blood"
                                            ], 
                                            "sub_type": 1
                                        }, 
                                        {
                                            "arg_type": 100225, 
                                            "args_list": [
                                                0.0
                                            ], 
                                            "sub_type": 1
                                        }, 
                                        {
                                            "arg_type": 100006, 
                                            "args_list": [], 
                                            "sub_type": "FOR_EACH_SELECTED_UNIT"
                                        }, 
                                        {
                                            "arg_type": 100014, 
                                            "args_list": [], 
                                            "sub_type": "NONE_ABILITY"
                                        }
                                    ], 
                                    "bp": false, 
                                    "element_id": 981286914000089, 
                                    "enable": true, 
                                    "op_arg": [
                                        null, 
                                        {
                                            "arg_type": 100000, 
                                            "args_list": [
                                                1.0
                                            ], 
                                            "sub_type": 1
                                        }, 
                                        {
                                            "arg_type": 100001, 
                                            "args_list": [
                                                true
                                            ], 
                                            "sub_type": 1
                                        }
                                    ], 
                                    "op_arg_enable": [
                                        false, 
                                        true, 
                                        false
                                    ]
                                }
                            ], 
                            "sub_type": 1
                        }
                    ], 
                    "bp": false, 
                    "element_id": 419880962000004, 
                    "enable": true
                }
            ], 
            "call_enabled": true, 
            "condition": [], 
            "enabled": true, 
            "event": [
                {
                    "args_list": [], 
                    "element_id": 172654596000002, 
                    "enable": true, 
                    "event_type": "ABILITY_SP_END"
                }
            ], 
            "group_id": 134280793, 
            "p_trigger_id": null, 
            "trigger_id": 172654596, 
            "trigger_name": "\u65b0\u5efa\u89e6\u53d1\u5668_4", 
            "valid": true
        }, 
        "419880962": {
            "action": [
                {
                    "action_type": "PLAY_ANIMATION", 
                    "args_list": [
                        {
                            "arg_type": 100006, 
                            "args_list": [
                                14
                            ], 
                            "sub_type": 1
                        }, 
                        {
                            "arg_type": 100003, 
                            "args_list": [
                                "attack3"
                            ], 
                            "sub_type": 1
                        }, 
                        {
                            "arg_type": 100000, 
                            "args_list": [
                                1.0
                            ], 
                            "sub_type": 1
                        }, 
                        {
                            "arg_type": 100000, 
                            "args_list": [
                                0.0
                            ], 
                            "sub_type": 1
                        }, 
                        {
                            "arg_type": 100000, 
                            "args_list": [
                                -1.0
                            ], 
                            "sub_type": 1
                        }, 
                        {
                            "arg_type": 100001, 
                            "args_list": [
                                false
                            ], 
                            "sub_type": 1
                        }, 
                        {
                            "arg_type": 100001, 
                            "args_list": [
                                true
                            ], 
                            "sub_type": 1
                        }
                    ], 
                    "bp": false, 
                    "element_id": 419880962000002, 
                    "enable": true
                }, 
                {
                    "action_type": "PLAY_SOUND_FOR_PLAYER", 
                    "args_list": [
                        {
                            "arg_type": 100025, 
                            "args_list": [
                                [
                                    "PLAYER", 
                                    "PlayerLead"
                                ]
                            ], 
                            "sub_type": "VARIABLE"
                        }, 
                        {
                            "arg_type": 100084, 
                            "args_list": [
                                134223416
                            ], 
                            "sub_type": 1
                        }, 
                        {
                            "arg_type": 100001, 
                            "args_list": [
                                false
                            ], 
                            "sub_type": 1
                        }
                    ], 
                    "bp": false, 
                    "element_id": 419880962000011, 
                    "enable": true, 
                    "op_arg": [
                        null, 
                        null
                    ], 
                    "op_arg_enable": [
                        false, 
                        false
                    ]
                }
            ], 
            "call_enabled": true, 
            "condition": [], 
            "enabled": true, 
            "event": [
                {
                    "args_list": [], 
                    "element_id": 419880962000092, 
                    "enable": true, 
                    "event_type": "ABILITY_PS_END"
                }
            ], 
            "group_id": 134280793, 
            "p_trigger_id": null, 
            "trigger_id": 419880962, 
            "trigger_name": "\u65b0\u5efa\u89e6\u53d1\u5668_2", 
            "valid": true
        }, 
        "689434627": {
            "action": [
                {
                    "action_type": "REMOVE_STATE", 
                    "args_list": [
                        {
                            "arg_type": 100006, 
                            "args_list": [], 
                            "sub_type": "ABILITY_OWNER"
                        }, 
                        {
                            "arg_type": 100075, 
                            "args_list": [
                                8
                            ], 
                            "sub_type": 1
                        }
                    ], 
                    "bp": false, 
                    "element_id": 689434627000007, 
                    "enable": true
                }, 
                {
                    "action_type": "REMOVE_STATE", 
                    "args_list": [
                        {
                            "arg_type": 100006, 
                            "args_list": [], 
                            "sub_type": "ABILITY_OWNER"
                        }, 
                        {
                            "arg_type": 100075, 
                            "args_list": [
                                16
                            ], 
                            "sub_type": 1
                        }
                    ], 
                    "bp": false, 
                    "element_id": 689434627000010, 
                    "enable": true
                }
            ], 
            "call_enabled": true, 
            "condition": [], 
            "enabled": true, 
            "event": [
                {
                    "args_list": [], 
                    "element_id": 689434627000002, 
                    "enable": true, 
                    "event_type": "ABILITY_CST_END"
                }
            ], 
            "group_id": 134280793, 
            "p_trigger_id": null, 
            "trigger_id": 689434627, 
            "trigger_name": "\u65b0\u5efa\u89e6\u53d1\u5668_3", 
            "valid": true
        }
    }, 
    "trigger_group_info": [
        {
            "_trigger_group_": true, 
            "group": [
                [
                    134635521, 
                    "\u65b0\u5efa\u89e6\u53d1\u5668"
                ], 
                [
                    419880962, 
                    "\u65b0\u5efa\u89e6\u53d1\u5668_2"
                ], 
                [
                    172654596, 
                    "\u65b0\u5efa\u89e6\u53d1\u5668_4"
                ], 
                [
                    689434627, 
                    "\u65b0\u5efa\u89e6\u53d1\u5668_3"
                ]
            ], 
            "key": 134280793, 
            "name": "134280793"
        }
    ], 
    "trigger_version": "1.2", 
    "variable_dict": {}, 
    "variable_group_info": [], 
    "variable_length_dict": {}
}