{
    "conf": {
        "1006168576": [], 
        "1279182016": [], 
        "1399290979": [
            [
                "initkey", 
                100002
            ]
        ], 
        "1474519559": [], 
        "1537356166": [], 
        "1575493848": [], 
        "1607050129": [], 
        "1638338165": [], 
        "1649685930": [
            [
                "initkey", 
                100002
            ]
        ], 
        "1690410271": [], 
        "1769263867": [], 
        "1848995691": [], 
        "2053244174": [
            [
                "\u7c7b\u578b", 
                100002
            ]
        ], 
        "2091498403": []
    }, 
    "group_info": [
        {
            "__tuple__": true, 
            "items": [
                1638338165, 
                "combat"
            ]
        }, 
        {
            "__tuple__": true, 
            "items": [
                1848995691, 
                "sleep"
            ]
        }, 
        {
            "__tuple__": true, 
            "items": [
                1537356166, 
                "transform"
            ]
        }, 
        {
            "__tuple__": true, 
            "items": [
                1279182016, 
                "\u77f3\u9b54\u6253\u9f3e"
            ]
        }, 
        {
            "__tuple__": true, 
            "items": [
                1690410271, 
                "inq"
            ]
        }, 
        {
            "__tuple__": true, 
            "items": [
                1769263867, 
                "\u5c0f\u602a\u7269\u653b\u51fb"
            ]
        }, 
        {
            "__tuple__": true, 
            "items": [
                1006168576, 
                "\u77f3\u9b54\u60ca\u9192"
            ]
        }, 
        {
            "__tuple__": true, 
            "items": [
                1649685930, 
                "talk"
            ]
        }, 
        {
            "__tuple__": true, 
            "items": [
                1399290979, 
                "talk2"
            ]
        }, 
        {
            "__tuple__": true, 
            "items": [
                1474519559, 
                "\u95ea\u907f\u5f15\u5bfc"
            ]
        }, 
        {
            "__tuple__": true, 
            "items": [
                1607050129, 
                "\u98de\u5251\u5f15\u5bfc"
            ]
        }, 
        {
            "__tuple__": true, 
            "items": [
                1575493848, 
                "\u5904\u51b3\u5f15\u5bfc"
            ]
        }, 
        {
            "__tuple__": true, 
            "items": [
                2091498403, 
                "Q\u6280\u80fd\u5f15\u5bfc"
            ]
        }, 
        {
            "__tuple__": true, 
            "items": [
                2053244174, 
                "\u71c3\u7075"
            ]
        }
    ]
}