{
    "get_gold": {
        "crit": {
            "0": 999, 
            "1": 999, 
            "2": 999, 
            "3": 999, 
            "4": 999, 
            "5": 999, 
            "6": 999, 
            "7": 999, 
            "8": 999, 
            "9": 999, 
            "png_path": "official_font_crit_get_gold"
        }, 
        "is_dirty": false, 
        "is_official": true, 
        "name": "code_font_get_gold", 
        "normal": {
            "0": 133211, 
            "1": 133212, 
            "2": 133213, 
            "3": 133214, 
            "4": 133215, 
            "5": 133216, 
            "6": 133217, 
            "7": 133218, 
            "8": 133219, 
            "9": 133220, 
            "B": 999, 
            "S": 999, 
            "minus": 999, 
            "plus": 133210, 
            "png_path": "official_font_normal_get_gold"
        }
    }, 
    "heal": {
        "crit": {
            "0": 133242, 
            "1": 133243, 
            "2": 133244, 
            "3": 133245, 
            "4": 133246, 
            "5": 133247, 
            "6": 133248, 
            "7": 133249, 
            "8": 133250, 
            "9": 133251, 
            "png_path": "official_font_crit_heal"
        }, 
        "is_dirty": false, 
        "is_official": true, 
        "name": "code_font_heal", 
        "normal": {
            "0": 133254, 
            "1": 133255, 
            "2": 133256, 
            "3": 133257, 
            "4": 133258, 
            "5": 133259, 
            "6": 133260, 
            "7": 133261, 
            "8": 133262, 
            "9": 133263, 
            "B": 999, 
            "S": 999, 
            "minus": 999, 
            "plus": 133252, 
            "png_path": "official_font_normal_heal"
        }
    }, 
    "magic": {
        "crit": {
            "0": 133304, 
            "1": 133305, 
            "2": 133306, 
            "3": 133307, 
            "4": 133308, 
            "5": 133309, 
            "6": 133310, 
            "7": 133311, 
            "8": 133312, 
            "9": 133313, 
            "png_path": "official_font_crit_magic"
        }, 
        "is_dirty": false, 
        "is_official": true, 
        "name": "code_font_magic", 
        "normal": {
            "0": 133304, 
            "1": 133305, 
            "2": 133306, 
            "3": 133307, 
            "4": 133308, 
            "5": 133309, 
            "6": 133310, 
            "7": 133311, 
            "8": 133312, 
            "9": 133313, 
            "B": 999, 
            "S": 133474, 
            "minus": 999, 
            "plus": 999, 
            "png_path": "official_font_normal_magic"
        }
    }, 
    "physics": {
        "crit": {
            "0": 133264, 
            "1": 133265, 
            "2": 133266, 
            "3": 133267, 
            "4": 133268, 
            "5": 133269, 
            "6": 133270, 
            "7": 133271, 
            "8": 133272, 
            "9": 133273, 
            "png_path": "font_crit_physics"
        }, 
        "is_official": true, 
        "name": "\u7269\u7406\u4f24\u5bb3", 
        "normal": {
            "0": 133264, 
            "1": 133265, 
            "2": 133266, 
            "3": 133267, 
            "4": 133268, 
            "5": 133269, 
            "6": 133270, 
            "7": 133271, 
            "8": 133272, 
            "9": 133273, 
            "B": 999, 
            "S": 133474, 
            "minus": 999, 
            "plus": 999, 
            "png_path": "font_normal_physics"
        }
    }, 
    "real": {
        "crit": {
            "0": 999, 
            "1": 999, 
            "2": 999, 
            "3": 999, 
            "4": 999, 
            "5": 999, 
            "6": 999, 
            "7": 999, 
            "8": 999, 
            "9": 999, 
            "png_path": "official_font_crit_real"
        }, 
        "is_dirty": false, 
        "is_official": true, 
        "name": "code_font_real", 
        "normal": {
            "0": 133294, 
            "1": 133295, 
            "2": 133296, 
            "3": 133297, 
            "4": 133298, 
            "5": 133299, 
            "6": 133300, 
            "7": 133301, 
            "8": 133302, 
            "9": 133303, 
            "B": 999, 
            "S": 999, 
            "minus": 999, 
            "plus": 999, 
            "png_path": "official_font_normal_real"
        }
    }
}