{
    "1024": {
        "10000": [
            10000, 
            "\u91d1\u9f99\u5bfa\u5e99\u70b91", 
            -167156121600, 
            8589934592, 
            249590038528, 
            true
        ], 
        "10001": [
            10001, 
            "\u5148\u7956\u6b8b\u9b42\u51fa\u73b0\u70b9", 
            -157546184704, 
            8589934592, 
            250879803392, 
            true
        ], 
        "10022": [
            10022, 
            "\u590d\u6d3b\u70b9", 
            -187580137472, 
            8589934592, 
            278273228800, 
            true
        ], 
        "10028": [
            10028, 
            "\u70b9", 
            33886257152, 
            784384, 
            -22375378944, 
            true
        ], 
        "10029": [
            10029, 
            "\u70b9", 
            62938480640, 
            0, 
            -59645960192, 
            true
        ], 
        "10030": [
            10030, 
            "\u70b9", 
            144948822016, 
            0, 
            -42302562304, 
            true
        ], 
        "10031": [
            10031, 
            "\u70b9", 
            145398333440, 
            0, 
            10839801856, 
            true
        ], 
        "10032": [
            10032, 
            "\u70b9", 
            118261243904, 
            0, 
            37418991616, 
            true
        ], 
        "10033": [
            10033, 
            "\u91d1\u9f99\u5bfa\u5e99\u70b92", 
            87576289280, 
            0, 
            -107993292800, 
            true
        ]
    }, 
    "2048": {}, 
    "4096": {
        "10015": [
            10015, 
            "\u5706\u5f62\u533a\u57df", 
            -31788318720, 
            -4096, 
            141769588736, 
            16649244672, 
            0, 
            null, 
            null
        ], 
        "10017": [
            10017, 
            "\u5706\u5f62\u533a\u57df", 
            -10275647488, 
            0, 
            110762696704, 
            17620234240, 
            0, 
            null, 
            null
        ], 
        "10018": [
            10018, 
            "\u5706\u5f62\u533a\u57df", 
            12990508032, 
            0, 
            78110351360, 
            17738072064, 
            0, 
            null, 
            null
        ], 
        "10019": [
            10019, 
            "\u5706\u5f62\u533a\u57df", 
            3758589952, 
            0, 
            146834669568, 
            17761472512, 
            0, 
            null, 
            null
        ], 
        "10020": [
            10020, 
            "\u5706\u5f62\u533a\u57df", 
            27273529344, 
            0, 
            113854488576, 
            18072956928, 
            0, 
            null, 
            null
        ], 
        "10021": [
            10021, 
            "\u5706\u5f62\u533a\u57df", 
            51350396928, 
            0, 
            77995499520, 
            19415212032, 
            0, 
            null, 
            null
        ], 
        "10023": [
            10023, 
            "boss1", 
            92273238016, 
            -4096, 
            -13398704128, 
            70975946708, 
            0, 
            null, 
            null
        ], 
        "10027": [
            10027, 
            "\u5237\u65b0\u80fd\u91cf\u503c\u533a\u57df", 
            -172699090944, 
            8589934592, 
            308178845696, 
            12022799344, 
            0, 
            null, 
            null
        ]
    }, 
    "8192": {}, 
    "32768": {
        "9999": {
            "camera_dist": 26.0, 
            "far": 1000.0, 
            "focus_max_dist": 50.0, 
            "focus_min_dist": 10.0, 
            "focus_x": -43.86, 
            "focus_y": 0.0, 
            "focus_z": 63.25, 
            "fov": 35.0, 
            "fov_disabled": true, 
            "id": 9999, 
            "is_origin_cam": true, 
            "is_ortho": false, 
            "name": "\u521d\u59cb\u955c\u5934", 
            "pitch": 1.04719755705446, 
            "roll": 0.0, 
            "set_camera_conf_realtime": true, 
            "type": 32768, 
            "yaw": 0.52359877852723
        }, 
        "10024": {
            "camera_dist": 10.000012561232962, 
            "far": 1000.0, 
            "focus_max_dist": null, 
            "focus_min_dist": null, 
            "focus_x": -39.07088088989258, 
            "focus_y": 0.0, 
            "focus_z": 60.257347106933594, 
            "fov": 35.0, 
            "fov_disabled": null, 
            "id": 10024, 
            "is_origin_cam": false, 
            "is_ortho": null, 
            "name": "\u5f00\u59cb\u955c\u5934", 
            "pitch": 0.46138469454320813, 
            "roll": 0.0, 
            "set_camera_conf_realtime": null, 
            "type": 32768, 
            "yaw": 5.762385710258775
        }
    }, 
    "65536": {}, 
    "131072": {}, 
    "262144": {}, 
    "1048576": {}, 
    "2097152": {}, 
    "4194304": {
        "10012": [
            10012, 
            [
                "\u591a\u8fb9\u5f62\u533a\u57df", 
                [
                    [], 
                    {}
                ]
            ], 
            [
                25440608256, 
                235471872, 
                31596924928
            ], 
            [
                89024053248, 
                528178944, 
                65607827456
            ], 
            [
                -19303845888, 
                0, 
                245937946624
            ], 
            [
                -69212733440, 
                0, 
                234721738752
            ], 
            [
                -54741962752, 
                625308160, 
                144550903808
            ], 
            0, 
            null, 
            null
        ]
    }
}