{
    "1": {
        "anim_name": "\u65b0\u5efa\u65f6\u95f4\u8f74", 
        "dt": [
            {
                "dt": [
                    {
                        "dt": {
                            "0": {
                                "val": [
                                    47.760416666666664, 
                                    53.70370370370371, 
                                    917.0, 
                                    580.0
                                ]
                            }, 
                            "60": {
                                "val": [
                                    47.760416666666664, 
                                    53.70370370370371, 
                                    917.0, 
                                    580.0
                                ]
                            }
                        }, 
                        "tp": 1
                    }, 
                    {
                        "dt": {
                            "0": {
                                "val": {
                                    "__tuple__": true, 
                                    "items": [
                                        100.0, 
                                        100.0
                                    ]
                                }
                            }, 
                            "30": {
                                "val": {
                                    "__tuple__": true, 
                                    "items": [
                                        250.0, 
                                        250.0
                                    ]
                                }
                            }, 
                            "60": {
                                "val": {
                                    "__tuple__": true, 
                                    "items": [
                                        250.0, 
                                        250.0
                                    ]
                                }
                            }
                        }, 
                        "tp": 9
                    }, 
                    {
                        "dt": {
                            "0": {
                                "val": 0
                            }, 
                            "30": {
                                "val": 0.0
                            }, 
                            "60": {
                                "val": 0
                            }
                        }, 
                        "tp": 3
                    }, 
                    {
                        "dt": {
                            "0": {
                                "val": 1.0
                            }, 
                            "60": {
                                "val": 1.0
                            }
                        }, 
                        "tp": 4
                    }, 
                    {
                        "dt": {
                            "0": {
                                "val": {
                                    "__tuple__": true, 
                                    "items": [
                                        1, 
                                        1
                                    ]
                                }
                            }, 
                            "60": {
                                "val": {
                                    "__tuple__": true, 
                                    "items": [
                                        1, 
                                        1
                                    ]
                                }
                            }
                        }, 
                        "tp": 2
                    }, 
                    {
                        "dt": {
                            "0": {
                                "val": true
                            }, 
                            "60": {
                                "val": false
                            }
                        }, 
                        "tp": 5
                    }
                ], 
                "enabled": true, 
                "name": "fabb1ea3-bb49-4532-8d28-85a36e68cec6"
            }, 
            {
                "dt": [
                    {
                        "dt": {
                            "0": {
                                "val": [
                                    47.760416666666664, 
                                    53.70370370370371, 
                                    917.0, 
                                    580.0
                                ]
                            }, 
                            "60": {
                                "val": [
                                    47.760416666666664, 
                                    53.70370370370371, 
                                    119.0, 
                                    134.0
                                ]
                            }
                        }, 
                        "tp": 1
                    }, 
                    {
                        "dt": {
                            "0": {
                                "val": {
                                    "__tuple__": true, 
                                    "items": [
                                        156, 
                                        156
                                    ]
                                }
                            }, 
                            "30": {
                                "val": {
                                    "__tuple__": true, 
                                    "items": [
                                        300.0, 
                                        300.0
                                    ]
                                }
                            }, 
                            "60": {
                                "val": {
                                    "__tuple__": true, 
                                    "items": [
                                        300.0, 
                                        300.0
                                    ]
                                }
                            }
                        }, 
                        "tp": 9
                    }, 
                    {
                        "dt": {
                            "0": {
                                "val": 0
                            }, 
                            "60": {
                                "val": 0
                            }
                        }, 
                        "tp": 3
                    }, 
                    {
                        "dt": {
                            "0": {
                                "val": 1.0
                            }, 
                            "60": {
                                "val": 1.0
                            }
                        }, 
                        "tp": 4
                    }, 
                    {
                        "dt": {
                            "0": {
                                "val": {
                                    "__tuple__": true, 
                                    "items": [
                                        1, 
                                        1
                                    ]
                                }
                            }, 
                            "60": {
                                "val": {
                                    "__tuple__": true, 
                                    "items": [
                                        1, 
                                        1
                                    ]
                                }
                            }
                        }, 
                        "tp": 2
                    }, 
                    {
                        "dt": {
                            "0": {
                                "val": true
                            }, 
                            "60": {
                                "val": false
                            }
                        }, 
                        "tp": 5
                    }
                ], 
                "enabled": true, 
                "name": "5181caf0-e542-4b13-95b3-6529e6bf97a9"
            }
        ], 
        "event_data": {}, 
        "f_rt": 30, 
        "group": "e649ac69-28d3-450e-ab3b-178d4227cd17", 
        "lp": false, 
        "max_frame": 100
    }, 
    "2": {
        "anim_name": "\u80fd\u91cf\u6ee1\u503c", 
        "dt": [
            {
                "dt": [
                    {
                        "dt": {
                            "0": {
                                "val": [
                                    9.0625, 
                                    12.407407407407407, 
                                    174.0, 
                                    134.0
                                ]
                            }
                        }, 
                        "tp": 1
                    }, 
                    {
                        "dt": {
                            "0": {
                                "val": {
                                    "__tuple__": true, 
                                    "items": [
                                        520.0, 
                                        50.0
                                    ]
                                }
                            }, 
                            "15": {
                                "val": {
                                    "__tuple__": true, 
                                    "items": [
                                        540.0, 
                                        60.0
                                    ]
                                }
                            }, 
                            "30": {
                                "val": {
                                    "__tuple__": true, 
                                    "items": [
                                        520.0, 
                                        50.0
                                    ]
                                }
                            }, 
                            "45": {
                                "val": {
                                    "__tuple__": true, 
                                    "items": [
                                        540.0, 
                                        60.0
                                    ]
                                }
                            }, 
                            "60": {
                                "val": {
                                    "__tuple__": true, 
                                    "items": [
                                        520.0, 
                                        50.0
                                    ]
                                }
                            }
                        }, 
                        "tp": 9
                    }, 
                    {
                        "dt": {
                            "0": {
                                "val": 0
                            }
                        }, 
                        "tp": 3
                    }, 
                    {
                        "dt": {
                            "0": {
                                "val": 1.0
                            }
                        }, 
                        "tp": 4
                    }, 
                    {
                        "dt": {
                            "0": {
                                "val": {
                                    "__tuple__": true, 
                                    "items": [
                                        1, 
                                        1
                                    ]
                                }
                            }
                        }, 
                        "tp": 2
                    }, 
                    {
                        "dt": {
                            "0": {
                                "val": false
                            }
                        }, 
                        "tp": 5
                    }
                ], 
                "enabled": true, 
                "name": "7e011de3-e10a-4762-9230-7bc04f841bdb"
            }
        ], 
        "event_data": {}, 
        "f_rt": 30, 
        "group": "panel_1", 
        "lp": false, 
        "max_frame": 100
    }
}