{
    "unit": {
        "1": {
            "components": {
                "__attr": {}, 
                "ability": {
                    "1_1": [
                        201347498, 
                        1
                    ]
                }, 
                "camp": {
                    "role_id": 32
                }, 
                "display": {
                    "real_scale": [
                        1.0, 
                        1.0, 
                        1.0
                    ]
                }, 
                "drop_item": null, 
                "item": {}, 
                "movement": {
                    "pitch": {
                        "__tuple__": true, 
                        "items": [
                            0, 
                            0
                        ]
                    }, 
                    "position": {
                        "__tuple__": true, 
                        "items": [
                            [
                                5, 
                                55746560
                            ], 
                            [
                                0, 
                                0
                            ], 
                            [
                                62, 
                                3903782912
                            ]
                        ]
                    }, 
                    "roll": {
                        "__tuple__": true, 
                        "items": [
                            0, 
                            0
                        ]
                    }, 
                    "yaw": {
                        "__tuple__": true, 
                        "items": [
                            6, 
                            1216271784
                        ]
                    }
                }
            }, 
            "entity_id": 134234432, 
            "name": "\u706b\u877e\u8788", 
            "type": 4, 
            "unit_id": 1
        }, 
        "2": {
            "components": {
                "__attr": {}, 
                "ability": {
                    "1_1": [
                        201347498, 
                        1
                    ]
                }, 
                "camp": {
                    "role_id": 32
                }, 
                "display": {
                    "real_scale": [
                        1.0, 
                        1.0, 
                        1.0
                    ]
                }, 
                "drop_item": null, 
                "item": {}, 
                "movement": {
                    "pitch": {
                        "__tuple__": true, 
                        "items": [
                            0, 
                            0
                        ]
                    }, 
                    "position": {
                        "__tuple__": true, 
                        "items": [
                            [
                                10, 
                                1049260032
                            ], 
                            [
                                0, 
                                0
                            ], 
                            [
                                58, 
                                856850432
                            ]
                        ]
                    }, 
                    "roll": {
                        "__tuple__": true, 
                        "items": [
                            0, 
                            0
                        ]
                    }, 
                    "yaw": {
                        "__tuple__": true, 
                        "items": [
                            6, 
                            1216271784
                        ]
                    }
                }
            }, 
            "entity_id": 134234432, 
            "name": "\u706b\u877e\u8788", 
            "type": 4, 
            "unit_id": 2
        }, 
        "3": {
            "components": {
                "__attr": {
                    "hp_percent": 100, 
                    "level": 1, 
                    "mp_percent": 100
                }, 
                "ability": {
                    "1_1": [
                        201347498, 
                        1
                    ]
                }, 
                "camp": {
                    "role_id": 31
                }, 
                "display": {
                    "real_scale": [
                        1.0, 
                        1.0, 
                        1.0
                    ]
                }, 
                "drop_item": null, 
                "item": {}, 
                "movement": {
                    "pitch": {
                        "__tuple__": true, 
                        "items": [
                            0, 
                            0
                        ]
                    }, 
                    "position": {
                        "__tuple__": true, 
                        "items": [
                            [
                                -13, 
                                1949716480
                            ], 
                            [
                                0, 
                                0
                            ], 
                            [
                                67, 
                                549322752
                            ]
                        ]
                    }, 
                    "roll": {
                        "__tuple__": true, 
                        "items": [
                            0, 
                            0
                        ]
                    }, 
                    "yaw": {
                        "__tuple__": true, 
                        "items": [
                            -2, 
                            1436480039
                        ]
                    }
                }
            }, 
            "entity_id": 134233901, 
            "name": "\u6811\u9b54", 
            "type": 4, 
            "unit_id": 3
        }, 
        "4": {
            "components": {
                "__attr": {
                    "hp_percent": 100, 
                    "level": 1, 
                    "mp_percent": 100
                }, 
                "ability": {
                    "1_1": [
                        201347498, 
                        1
                    ], 
                    "2_1": [
                        134254254, 
                        1
                    ], 
                    "2_2": [
                        134219456, 
                        1
                    ], 
                    "2_3": [
                        134221853, 
                        1
                    ], 
                    "2_4": [
                        134235065, 
                        1
                    ], 
                    "2_5": [
                        134218270, 
                        1
                    ], 
                    "2_6": [
                        134245112, 
                        1
                    ], 
                    "2_7": [
                        134246724, 
                        1
                    ], 
                    "2_8": [
                        134262835, 
                        1
                    ], 
                    "2_9": [
                        134217744, 
                        1
                    ], 
                    "3_1": [
                        134271184, 
                        1
                    ], 
                    "3_2": [
                        134275211, 
                        1
                    ]
                }, 
                "camp": {
                    "role_id": 1
                }, 
                "display": {
                    "real_scale": [
                        1.0, 
                        1.0, 
                        1.0
                    ]
                }, 
                "drop_item": null, 
                "item": {}, 
                "movement": {
                    "pitch": {
                        "__tuple__": true, 
                        "items": [
                            0, 
                            0
                        ]
                    }, 
                    "position": {
                        "__tuple__": true, 
                        "items": [
                            [
                                -43, 
                                363184128
                            ], 
                            [
                                2, 
                                0
                            ], 
                            [
                                64, 
                                3668148224
                            ]
                        ]
                    }, 
                    "roll": {
                        "__tuple__": true, 
                        "items": [
                            0, 
                            0
                        ]
                    }, 
                    "yaw": {
                        "__tuple__": true, 
                        "items": [
                            1, 
                            2198329285
                        ]
                    }
                }
            }, 
            "entity_id": 134254594, 
            "name": "\u7687\u5b50", 
            "type": 1, 
            "unit_id": 4
        }, 
        "5": {
            "components": {
                "__attr": {
                    "hp_percent": 100, 
                    "level": 1, 
                    "mp_percent": 100
                }, 
                "ability": {
                    "1_1": [
                        201347498, 
                        1
                    ]
                }, 
                "camp": {
                    "role_id": 31
                }, 
                "display": {
                    "real_scale": [
                        1.5, 
                        1.5, 
                        1.5
                    ]
                }, 
                "drop_item": null, 
                "item": {}, 
                "movement": {
                    "pitch": {
                        "__tuple__": true, 
                        "items": [
                            0, 
                            0
                        ]
                    }, 
                    "position": {
                        "__tuple__": true, 
                        "items": [
                            [
                                1, 
                                1132853760
                            ], 
                            [
                                0, 
                                0
                            ], 
                            [
                                55, 
                                4257415168
                            ]
                        ]
                    }, 
                    "roll": {
                        "__tuple__": true, 
                        "items": [
                            0, 
                            0
                        ]
                    }, 
                    "yaw": {
                        "__tuple__": true, 
                        "items": [
                            4, 
                            2537207079
                        ]
                    }
                }
            }, 
            "entity_id": 134263565, 
            "name": "\u77f3\u9b542", 
            "type": 4, 
            "unit_id": 5
        }, 
        "6": {
            "components": {
                "__attr": {
                    "hp_percent": 100, 
                    "level": 1, 
                    "mp_percent": 100
                }, 
                "ability": {
                    "1_1": [
                        201347498, 
                        1
                    ]
                }, 
                "camp": {
                    "role_id": 32
                }, 
                "display": {
                    "real_scale": [
                        1.3000000000465661, 
                        1.3000000000465661, 
                        1.3000000000465661
                    ]
                }, 
                "drop_item": null, 
                "item": {}, 
                "movement": {
                    "pitch": {
                        "__tuple__": true, 
                        "items": [
                            0, 
                            0
                        ]
                    }, 
                    "position": {
                        "__tuple__": true, 
                        "items": [
                            [
                                -43, 
                                1865351168
                            ], 
                            [
                                2, 
                                0
                            ], 
                            [
                                60, 
                                3677618176
                            ]
                        ]
                    }, 
                    "roll": {
                        "__tuple__": true, 
                        "items": [
                            0, 
                            0
                        ]
                    }, 
                    "yaw": {
                        "__tuple__": true, 
                        "items": [
                            0, 
                            3917222569
                        ]
                    }
                }
            }, 
            "entity_id": 134248355, 
            "name": "\u8001\u519c", 
            "type": 1, 
            "unit_id": 6
        }, 
        "7": {
            "components": {
                "__attr": {
                    "hp_percent": 100, 
                    "level": 1, 
                    "mp_percent": 100
                }, 
                "ability": {}, 
                "camp": {
                    "role_id": 31
                }, 
                "display": {
                    "real_scale": [
                        1.0, 
                        1.0, 
                        1.0
                    ]
                }, 
                "drop_item": null, 
                "item": {}, 
                "movement": {
                    "pitch": {
                        "__tuple__": true, 
                        "items": [
                            0, 
                            0
                        ]
                    }, 
                    "position": {
                        "__tuple__": true, 
                        "items": [
                            [
                                -34, 
                                3193552896
                            ], 
                            [
                                2, 
                                0
                            ], 
                            [
                                61, 
                                2000322560
                            ]
                        ]
                    }, 
                    "roll": {
                        "__tuple__": true, 
                        "items": [
                            0, 
                            0
                        ]
                    }, 
                    "yaw": {
                        "__tuple__": true, 
                        "items": [
                            6, 
                            1216271784
                        ]
                    }
                }
            }, 
            "entity_id": 201339863, 
            "name": "\u9776\u5b50", 
            "type": 4, 
            "unit_id": 7
        }, 
        "8": {
            "components": {
                "__attr": {
                    "hp_percent": 100, 
                    "level": 1, 
                    "mp_percent": 100
                }, 
                "ability": {}, 
                "camp": {
                    "role_id": 31
                }, 
                "display": {
                    "real_scale": [
                        1.0, 
                        1.0, 
                        1.0
                    ]
                }, 
                "drop_item": null, 
                "item": {}, 
                "movement": {
                    "pitch": {
                        "__tuple__": true, 
                        "items": [
                            0, 
                            0
                        ]
                    }, 
                    "position": {
                        "__tuple__": true, 
                        "items": [
                            [
                                -31, 
                                833601536
                            ], 
                            [
                                2, 
                                0
                            ], 
                            [
                                61, 
                                1521532928
                            ]
                        ]
                    }, 
                    "roll": {
                        "__tuple__": true, 
                        "items": [
                            0, 
                            0
                        ]
                    }, 
                    "yaw": {
                        "__tuple__": true, 
                        "items": [
                            6, 
                            1216271784
                        ]
                    }
                }
            }, 
            "entity_id": 201339863, 
            "name": "\u9776\u5b50", 
            "type": 4, 
            "unit_id": 8
        }, 
        "9": {
            "components": {
                "__attr": {
                    "hp_percent": 100, 
                    "level": 1, 
                    "mp_percent": 100
                }, 
                "ability": {}, 
                "camp": {
                    "role_id": 31
                }, 
                "display": {
                    "real_scale": [
                        1.0, 
                        1.0, 
                        1.0
                    ]
                }, 
                "drop_item": null, 
                "item": {}, 
                "movement": {
                    "pitch": {
                        "__tuple__": true, 
                        "items": [
                            0, 
                            0
                        ]
                    }, 
                    "position": {
                        "__tuple__": true, 
                        "items": [
                            [
                                -33, 
                                1723613184
                            ], 
                            [
                                2, 
                                0
                            ], 
                            [
                                59, 
                                1997897728
                            ]
                        ]
                    }, 
                    "roll": {
                        "__tuple__": true, 
                        "items": [
                            0, 
                            0
                        ]
                    }, 
                    "yaw": {
                        "__tuple__": true, 
                        "items": [
                            6, 
                            1216271784
                        ]
                    }
                }
            }, 
            "entity_id": 201339863, 
            "name": "\u9776\u5b50", 
            "type": 4, 
            "unit_id": 9
        }, 
        "10": {
            "components": {
                "__attr": {}, 
                "ability": {
                    "1_1": [
                        201347498, 
                        1
                    ]
                }, 
                "camp": {
                    "role_id": 31
                }, 
                "display": {
                    "real_scale": [
                        1.0, 
                        1.0, 
                        1.0
                    ]
                }, 
                "drop_item": null, 
                "item": {}, 
                "movement": {
                    "pitch": {
                        "__tuple__": true, 
                        "items": [
                            0, 
                            0
                        ]
                    }, 
                    "position": {
                        "__tuple__": true, 
                        "items": [
                            [
                                -35, 
                                2884927488
                            ], 
                            [
                                0, 
                                0
                            ], 
                            [
                                27, 
                                2656436224
                            ]
                        ]
                    }, 
                    "roll": {
                        "__tuple__": true, 
                        "items": [
                            0, 
                            0
                        ]
                    }, 
                    "yaw": {
                        "__tuple__": true, 
                        "items": [
                            6, 
                            1216271784
                        ]
                    }
                }
            }, 
            "entity_id": 134231239, 
            "name": "\u96ea\u5996", 
            "type": 1, 
            "unit_id": 10
        }, 
        "11": {
            "components": {
                "__attr": {}, 
                "ability": {
                    "1_1": [
                        201347498, 
                        1
                    ]
                }, 
                "camp": {
                    "role_id": 31
                }, 
                "display": {
                    "real_scale": [
                        1.0, 
                        1.0, 
                        1.0
                    ]
                }, 
                "drop_item": null, 
                "item": {}, 
                "movement": {
                    "pitch": {
                        "__tuple__": true, 
                        "items": [
                            0, 
                            0
                        ]
                    }, 
                    "position": {
                        "__tuple__": true, 
                        "items": [
                            [
                                -58, 
                                2090795008
                            ], 
                            [
                                0, 
                                0
                            ], 
                            [
                                24, 
                                1569808384
                            ]
                        ]
                    }, 
                    "roll": {
                        "__tuple__": true, 
                        "items": [
                            0, 
                            0
                        ]
                    }, 
                    "yaw": {
                        "__tuple__": true, 
                        "items": [
                            6, 
                            1216271784
                        ]
                    }
                }
            }, 
            "entity_id": 134253984, 
            "name": "\u5bd2\u51b0\u6076\u9b54", 
            "type": 1, 
            "unit_id": 11
        }, 
        "12": {
            "components": {
                "__attr": {
                    "hp_percent": 100, 
                    "level": 1, 
                    "mp_percent": 100
                }, 
                "ability": {
                    "1_1": [
                        201347498, 
                        1
                    ]
                }, 
                "camp": {
                    "role_id": 31
                }, 
                "display": {
                    "real_scale": [
                        1.0, 
                        1.0, 
                        1.0
                    ]
                }, 
                "drop_item": null, 
                "item": {}, 
                "movement": {
                    "pitch": {
                        "__tuple__": true, 
                        "items": [
                            0, 
                            0
                        ]
                    }, 
                    "position": {
                        "__tuple__": true, 
                        "items": [
                            [
                                -18, 
                                604422144
                            ], 
                            [
                                0, 
                                0
                            ], 
                            [
                                56, 
                                3012706304
                            ]
                        ]
                    }, 
                    "roll": {
                        "__tuple__": true, 
                        "items": [
                            0, 
                            0
                        ]
                    }, 
                    "yaw": {
                        "__tuple__": true, 
                        "items": [
                            1, 
                            2360185243
                        ]
                    }
                }
            }, 
            "entity_id": 134233901, 
            "name": "\u6811\u9b54", 
            "type": 4, 
            "unit_id": 12
        }, 
        "13": {
            "components": {
                "__attr": {
                    "hp_percent": 100, 
                    "level": 1, 
                    "mp_percent": 100
                }, 
                "ability": {
                    "1_1": [
                        201347498, 
                        1
                    ]
                }, 
                "camp": {
                    "role_id": 31
                }, 
                "display": {
                    "real_scale": [
                        1.0, 
                        1.0, 
                        1.0
                    ]
                }, 
                "drop_item": null, 
                "item": {}, 
                "movement": {
                    "pitch": {
                        "__tuple__": true, 
                        "items": [
                            0, 
                            0
                        ]
                    }, 
                    "position": {
                        "__tuple__": true, 
                        "items": [
                            [
                                -7, 
                                2424117248
                            ], 
                            [
                                0, 
                                0
                            ], 
                            [
                                61, 
                                3646652416
                            ]
                        ]
                    }, 
                    "roll": {
                        "__tuple__": true, 
                        "items": [
                            0, 
                            0
                        ]
                    }, 
                    "yaw": {
                        "__tuple__": true, 
                        "items": [
                            -1, 
                            409840671
                        ]
                    }
                }
            }, 
            "entity_id": 134233901, 
            "name": "\u6811\u9b54", 
            "type": 4, 
            "unit_id": 13
        }, 
        "14": {
            "components": {
                "__attr": {
                    "hp_percent": 100, 
                    "level": 1, 
                    "mp_percent": 100
                }, 
                "ability": {
                    "1_1": [
                        201347498, 
                        1
                    ], 
                    "3_1": [
                        134259180, 
                        1
                    ], 
                    "3_2": [
                        134240008, 
                        1
                    ], 
                    "3_3": [
                        134280793, 
                        1
                    ], 
                    "3_4": [
                        134269194, 
                        1
                    ]
                }, 
                "camp": {
                    "role_id": 31
                }, 
                "display": {
                    "real_scale": [
                        1.5, 
                        1.5, 
                        1.5
                    ]
                }, 
                "drop_item": null, 
                "item": {}, 
                "movement": {
                    "pitch": {
                        "__tuple__": true, 
                        "items": [
                            0, 
                            0
                        ]
                    }, 
                    "position": {
                        "__tuple__": true, 
                        "items": [
                            [
                                21, 
                                985325568
                            ], 
                            [
                                0, 
                                0
                            ], 
                            [
                                -3, 
                                1757466624
                            ]
                        ]
                    }, 
                    "roll": {
                        "__tuple__": true, 
                        "items": [
                            0, 
                            0
                        ]
                    }, 
                    "yaw": {
                        "__tuple__": true, 
                        "items": [
                            0, 
                            2623860107
                        ]
                    }
                }
            }, 
            "entity_id": 134283109, 
            "name": "\u524d\u950b\u5766\u514b", 
            "type": 1, 
            "unit_id": 14
        }, 
        "15": {
            "components": {
                "__attr": {}, 
                "ability": {
                    "1_1": [
                        201347498, 
                        1
                    ]
                }, 
                "camp": {
                    "role_id": 32
                }, 
                "display": {
                    "real_scale": [
                        1.0, 
                        1.0, 
                        1.0
                    ]
                }, 
                "drop_item": null, 
                "item": {}, 
                "movement": {
                    "pitch": {
                        "__tuple__": true, 
                        "items": [
                            0, 
                            0
                        ]
                    }, 
                    "position": {
                        "__tuple__": true, 
                        "items": [
                            [
                                9, 
                                4120100864
                            ], 
                            [
                                0, 
                                0
                            ], 
                            [
                                62, 
                                1223442432
                            ]
                        ]
                    }, 
                    "roll": {
                        "__tuple__": true, 
                        "items": [
                            0, 
                            0
                        ]
                    }, 
                    "yaw": {
                        "__tuple__": true, 
                        "items": [
                            6, 
                            1216271784
                        ]
                    }
                }
            }, 
            "entity_id": 134234432, 
            "name": "\u706b\u877e\u8788", 
            "type": 4, 
            "unit_id": 15
        }, 
        "21": {
            "components": {
                "__attr": {
                    "hp_percent": 100, 
                    "level": 1, 
                    "mp_percent": 100
                }, 
                "ability": {
                    "1_1": [
                        201347498, 
                        1
                    ]
                }, 
                "camp": {
                    "role_id": 31
                }, 
                "display": {
                    "real_scale": [
                        1.0, 
                        1.0, 
                        1.0
                    ]
                }, 
                "drop_item": null, 
                "item": {}, 
                "movement": {
                    "pitch": {
                        "__tuple__": true, 
                        "items": [
                            0, 
                            0
                        ]
                    }, 
                    "position": {
                        "__tuple__": true, 
                        "items": [
                            [
                                -20, 
                                1918173184
                            ], 
                            [
                                0, 
                                0
                            ], 
                            [
                                58, 
                                4029988864
                            ]
                        ]
                    }, 
                    "roll": {
                        "__tuple__": true, 
                        "items": [
                            0, 
                            0
                        ]
                    }, 
                    "yaw": {
                        "__tuple__": true, 
                        "items": [
                            0, 
                            4178419130
                        ]
                    }
                }
            }, 
            "entity_id": 134233901, 
            "name": "\u6811\u9b54", 
            "type": 4, 
            "unit_id": 21
        }, 
        "22": {
            "components": {
                "__attr": {
                    "hp_percent": 100, 
                    "level": 1, 
                    "mp_percent": 100
                }, 
                "ability": {
                    "1_1": [
                        201347498, 
                        1
                    ]
                }, 
                "camp": {
                    "role_id": 31
                }, 
                "display": {
                    "real_scale": [
                        1.0, 
                        1.0, 
                        1.0
                    ]
                }, 
                "drop_item": null, 
                "item": {}, 
                "movement": {
                    "pitch": {
                        "__tuple__": true, 
                        "items": [
                            0, 
                            0
                        ]
                    }, 
                    "position": {
                        "__tuple__": true, 
                        "items": [
                            [
                                -8, 
                                1075281920
                            ], 
                            [
                                0, 
                                0
                            ], 
                            [
                                64, 
                                1093173248
                            ]
                        ]
                    }, 
                    "roll": {
                        "__tuple__": true, 
                        "items": [
                            0, 
                            0
                        ]
                    }, 
                    "yaw": {
                        "__tuple__": true, 
                        "items": [
                            -3, 
                            3682606959
                        ]
                    }
                }
            }, 
            "entity_id": 134233901, 
            "name": "\u6811\u9b54", 
            "type": 4, 
            "unit_id": 22
        }
    }
}