{
    "3": 30.0, 
    "100": 60.0, 
    "102": 0, 
    "104": 500, 
    "107": 0, 
    "108": 100, 
    "_custom_": true, 
    "_ref_": 134225860, 
    "attach_models": {
        "__tuple__": true, 
        "items": []
    }, 
    "base_color_mod": 1, 
    "base_tint_color": {
        "__tuple__": true, 
        "items": [
            255, 
            255, 
            255, 
            0.5
        ]
    }, 
    "cast_shadow": true, 
    "collision_box": {
        "__tuple__": true, 
        "items": [
            [
                -5, 
                5
            ], 
            [
                -5, 
                -5
            ], 
            [
                5, 
                -5
            ], 
            [
                5, 
                5
            ]
        ]
    }, 
    "collision_height": {
        "__tuple__": true, 
        "items": []
    }, 
    "collision_points": {
        "__tuple__": true, 
        "items": [
            [
                -5, 
                -5
            ], 
            [
                6, 
                6
            ], 
            [
                0, 
                0, 
                0, 
                0, 
                0, 
                0, 
                0, 
                0, 
                0, 
                0, 
                0, 
                0, 
                0, 
                0, 
                0, 
                0, 
                0, 
                0, 
                0, 
                0, 
                0, 
                0, 
                0, 
                0, 
                0, 
                0, 
                0, 
                0, 
                0, 
                0, 
                0, 
                0, 
                0, 
                0, 
                0, 
                0, 
                32, 
                32, 
                32, 
                32, 
                32, 
                0, 
                0, 
                0, 
                0, 
                0, 
                0, 
                32, 
                32, 
                32, 
                32, 
                32, 
                0, 
                0, 
                0, 
                0, 
                0, 
                0, 
                32, 
                32, 
                32, 
                32, 
                32, 
                0, 
                0, 
                0, 
                0, 
                0, 
                0, 
                0, 
                32, 
                32, 
                32, 
                32, 
                0, 
                0, 
                0, 
                0, 
                0, 
                0, 
                0, 
                0, 
                0, 
                32, 
                0, 
                0, 
                0, 
                0, 
                0, 
                0, 
                0, 
                0, 
                0, 
                0, 
                0, 
                0, 
                0, 
                0, 
                0, 
                0, 
                0, 
                0, 
                0, 
                0, 
                0, 
                0, 
                0, 
                0, 
                0, 
                0, 
                0, 
                0, 
                0, 
                0, 
                0, 
                0, 
                0, 
                0, 
                0, 
                0, 
                0
            ], 
            1.0
        ]
    }, 
    "description": 2133156891, 
    "effect_list": {
        "__tuple__": true, 
        "items": []
    }, 
    "enable_occlusion_perspective": false, 
    "fresnel_color": {
        "__tuple__": true, 
        "items": [
            255, 
            255, 
            255, 
            0.5
        ]
    }, 
    "fresnel_emissive_color_strength": 1, 
    "fresnel_exp": 10, 
    "height_num": 11, 
    "height_offset": 0.25, 
    "icon": 100000, 
    "is_x_offset": true, 
    "is_z_offset": true, 
    "key": 134225860, 
    "kv": {}, 
    "material_alpha": 0, 
    "material_change": 0, 
    "material_color": {
        "__tuple__": true, 
        "items": [
            255, 
            255, 
            255
        ]
    }, 
    "material_color_intensity": 0, 
    "model": 203951, 
    "model_opacity": 1, 
    "name": 709802517, 
    "receive_decal": false, 
    "scale": 1.0, 
    "suffix": "", 
    "tags": {
        "__tuple__": true, 
        "items": []
    }, 
    "uid": "134225860", 
    "use_base_tint_color": false, 
    "use_fresnel": 0, 
    "use_physics": false, 
    "width_num": 11, 
    "width_offset": 0.25
}