{
 "editor_unit": {
  "f": [
   {
    "__tuple__": true, 
    "items": [
     "", 
     0, 
     2147483647, 
     "code_explorer_custom_root_folder_name"
    ]
   }
  ], 
  "d": {
   "134254398": {
    "__tuple__": true, 
    "items": [
     2147483647, 
     0
    ]
   }, 
   "134249076": {
    "__tuple__": true, 
    "items": [
     2147483647, 
     1
    ]
   }, 
   "134254594": {
    "__tuple__": true, 
    "items": [
     2147483647, 
     2
    ]
   }, 
   "134280611": {
    "__tuple__": true, 
    "items": [
     2147483647, 
     3
    ]
   }, 
   "134254073": {
    "__tuple__": true, 
    "items": [
     2147483647, 
     4
    ]
   }, 
   "134260378": {
    "__tuple__": true, 
    "items": [
     2147483647, 
     5
    ]
   }, 
   "134239804": {
    "__tuple__": true, 
    "items": [
     2147483647, 
     6
    ]
   }, 
   "134218307": {
    "__tuple__": true, 
    "items": [
     2147483647, 
     7
    ]
   }, 
   "134252908": {
    "__tuple__": true, 
    "items": [
     2147483647, 
     8
    ]
   }, 
   "134266854": {
    "__tuple__": true, 
    "items": [
     2147483647, 
     9
    ]
   }, 
   "134280727": {
    "__tuple__": true, 
    "items": [
     2147483647, 
     10
    ]
   }, 
   "134248355": {
    "__tuple__": true, 
    "items": [
     2147483647, 
     11
    ]
   }, 
   "134271401": {
    "__tuple__": true, 
    "items": [
     2147483647, 
     12
    ]
   }, 
   "134263565": {
    "__tuple__": true, 
    "items": [
     2147483647, 
     13
    ]
   }, 
   "134231239": {
    "__tuple__": true, 
    "items": [
     2147483647, 
     14
    ]
   }, 
   "134253984": {
    "__tuple__": true, 
    "items": [
     2147483647, 
     15
    ]
   }, 
   "134233901": {
    "__tuple__": true, 
    "items": [
     2147483647, 
     16
    ]
   }, 
   "134259867": {
    "__tuple__": true, 
    "items": [
     2147483647, 
     17
    ]
   }, 
   "134234507": {
    "__tuple__": true, 
    "items": [
     2147483647, 
     18
    ]
   }, 
   "134283109": {
    "__tuple__": true, 
    "items": [
     2147483647, 
     19
    ]
   }, 
   "134234432": {
    "__tuple__": true, 
    "items": [
     2147483647, 
     20
    ]
   }
  }
 }, 
 "editor_decoration": {
  "f": [
   {
    "__tuple__": true, 
    "items": [
     "", 
     0, 
     2147483647, 
     "code_explorer_custom_root_folder_name"
    ]
   }, 
   {
    "__tuple__": true, 
    "items": [
     "/2147483647", 
     0, 
     "sgeJj4weEe6a8wD-mz8-tn", 
     "\u7802\u5ca9"
    ]
   }, 
   {
    "__tuple__": true, 
    "items": [
     "/2147483647", 
     1, 
     "ly6scIweEe6QxwD-mz8-tv", 
     "\u573a\u666f1"
    ]
   }
  ], 
  "d": {
   "134234920": {
    "__tuple__": true, 
    "items": [
     "sgeJj4weEe6a8wD-mz8-tn", 
     0
    ]
   }, 
   "134234590": {
    "__tuple__": true, 
    "items": [
     "sgeJj4weEe6a8wD-mz8-tn", 
     1
    ]
   }, 
   "134278001": {
    "__tuple__": true, 
    "items": [
     "sgeJj4weEe6a8wD-mz8-tn", 
     2
    ]
   }, 
   "134274040": {
    "__tuple__": true, 
    "items": [
     "sgeJj4weEe6a8wD-mz8-tn", 
     3
    ]
   }, 
   "134282580": {
    "__tuple__": true, 
    "items": [
     "sgeJj4weEe6a8wD-mz8-tn", 
     4
    ]
   }, 
   "134231839": {
    "__tuple__": true, 
    "items": [
     "sgeJj4weEe6a8wD-mz8-tn", 
     5
    ]
   }, 
   "134282655": {
    "__tuple__": true, 
    "items": [
     "sgeJj4weEe6a8wD-mz8-tn", 
     6
    ]
   }, 
   "134274107": {
    "__tuple__": true, 
    "items": [
     "sgeJj4weEe6a8wD-mz8-tn", 
     7
    ]
   }, 
   "134279428": {
    "__tuple__": true, 
    "items": [
     "sgeJj4weEe6a8wD-mz8-tn", 
     8
    ]
   }, 
   "134242169": {
    "__tuple__": true, 
    "items": [
     "sgeJj4weEe6a8wD-mz8-tn", 
     9
    ]
   }, 
   "134238445": {
    "__tuple__": true, 
    "items": [
     "sgeJj4weEe6a8wD-mz8-tn", 
     10
    ]
   }, 
   "134262456": {
    "__tuple__": true, 
    "items": [
     "sgeJj4weEe6a8wD-mz8-tn", 
     11
    ]
   }, 
   "134279639": {
    "__tuple__": true, 
    "items": [
     "sgeJj4weEe6a8wD-mz8-tn", 
     12
    ]
   }, 
   "134267547": {
    "__tuple__": true, 
    "items": [
     "sgeJj4weEe6a8wD-mz8-tn", 
     13
    ]
   }, 
   "134252821": {
    "__tuple__": true, 
    "items": [
     "ly6scIweEe6QxwD-mz8-tv", 
     0
    ]
   }, 
   "134266453": {
    "__tuple__": true, 
    "items": [
     "ly6scIweEe6QxwD-mz8-tv", 
     1
    ]
   }, 
   "134256568": {
    "__tuple__": true, 
    "items": [
     "ly6scIweEe6QxwD-mz8-tv", 
     2
    ]
   }, 
   "134273001": {
    "__tuple__": true, 
    "items": [
     "ly6scIweEe6QxwD-mz8-tv", 
     3
    ]
   }, 
   "134280279": {
    "__tuple__": true, 
    "items": [
     "ly6scIweEe6QxwD-mz8-tv", 
     4
    ]
   }, 
   "134265244": {
    "__tuple__": true, 
    "items": [
     "ly6scIweEe6QxwD-mz8-tv", 
     5
    ]
   }, 
   "134244780": {
    "__tuple__": true, 
    "items": [
     "ly6scIweEe6QxwD-mz8-tv", 
     6
    ]
   }, 
   "134224483": {
    "__tuple__": true, 
    "items": [
     "ly6scIweEe6QxwD-mz8-tv", 
     7
    ]
   }, 
   "134253571": {
    "__tuple__": true, 
    "items": [
     "ly6scIweEe6QxwD-mz8-tv", 
     8
    ]
   }, 
   "134258460": {
    "__tuple__": true, 
    "items": [
     "ly6scIweEe6QxwD-mz8-tv", 
     9
    ]
   }, 
   "134218467": {
    "__tuple__": true, 
    "items": [
     "ly6scIweEe6QxwD-mz8-tv", 
     10
    ]
   }, 
   "134278629": {
    "__tuple__": true, 
    "items": [
     "ly6scIweEe6QxwD-mz8-tv", 
     11
    ]
   }, 
   "134218579": {
    "__tuple__": true, 
    "items": [
     "ly6scIweEe6QxwD-mz8-tv", 
     12
    ]
   }, 
   "134242221": {
    "__tuple__": true, 
    "items": [
     "ly6scIweEe6QxwD-mz8-tv", 
     13
    ]
   }, 
   "134264140": {
    "__tuple__": true, 
    "items": [
     "ly6scIweEe6QxwD-mz8-tv", 
     14
    ]
   }, 
   "134275778": {
    "__tuple__": true, 
    "items": [
     "ly6scIweEe6QxwD-mz8-tv", 
     15
    ]
   }, 
   "134229400": {
    "__tuple__": true, 
    "items": [
     "ly6scIweEe6QxwD-mz8-tv", 
     16
    ]
   }, 
   "134253674": {
    "__tuple__": true, 
    "items": [
     "ly6scIweEe6QxwD-mz8-tv", 
     17
    ]
   }, 
   "134230354": {
    "__tuple__": true, 
    "items": [
     "ly6scIweEe6QxwD-mz8-tv", 
     18
    ]
   }, 
   "134230268": {
    "__tuple__": true, 
    "items": [
     "ly6scIweEe6QxwD-mz8-tv", 
     19
    ]
   }, 
   "134260905": {
    "__tuple__": true, 
    "items": [
     "ly6scIweEe6QxwD-mz8-tv", 
     20
    ]
   }, 
   "134231195": {
    "__tuple__": true, 
    "items": [
     "ly6scIweEe6QxwD-mz8-tv", 
     21
    ]
   }, 
   "134258773": {
    "__tuple__": true, 
    "items": [
     "ly6scIweEe6QxwD-mz8-tv", 
     22
    ]
   }, 
   "134230497": {
    "__tuple__": true, 
    "items": [
     "ly6scIweEe6QxwD-mz8-tv", 
     23
    ]
   }, 
   "134240465": {
    "__tuple__": true, 
    "items": [
     "ly6scIweEe6QxwD-mz8-tv", 
     24
    ]
   }, 
   "134260770": {
    "__tuple__": true, 
    "items": [
     "ly6scIweEe6QxwD-mz8-tv", 
     25
    ]
   }, 
   "134269433": {
    "__tuple__": true, 
    "items": [
     "ly6scIweEe6QxwD-mz8-tv", 
     26
    ]
   }, 
   "134245802": {
    "__tuple__": true, 
    "items": [
     "ly6scIweEe6QxwD-mz8-tv", 
     27
    ]
   }, 
   "134260717": {
    "__tuple__": true, 
    "items": [
     "ly6scIweEe6QxwD-mz8-tv", 
     28
    ]
   }, 
   "134260825": {
    "__tuple__": true, 
    "items": [
     "ly6scIweEe6QxwD-mz8-tv", 
     29
    ]
   }, 
   "134278908": {
    "__tuple__": true, 
    "items": [
     "ly6scIweEe6QxwD-mz8-tv", 
     30
    ]
   }, 
   "134225909": {
    "__tuple__": true, 
    "items": [
     "ly6scIweEe6QxwD-mz8-tv", 
     31
    ]
   }, 
   "134255885": {
    "__tuple__": true, 
    "items": [
     "ly6scIweEe6QxwD-mz8-tv", 
     32
    ]
   }, 
   "134227066": {
    "__tuple__": true, 
    "items": [
     "ly6scIweEe6QxwD-mz8-tv", 
     33
    ]
   }, 
   "134256638": {
    "__tuple__": true, 
    "items": [
     "ly6scIweEe6QxwD-mz8-tv", 
     34
    ]
   }, 
   "134261210": {
    "__tuple__": true, 
    "items": [
     "ly6scIweEe6QxwD-mz8-tv", 
     35
    ]
   }, 
   "134231330": {
    "__tuple__": true, 
    "items": [
     "ly6scIweEe6QxwD-mz8-tv", 
     36
    ]
   }, 
   "134223047": {
    "__tuple__": true, 
    "items": [
     "ly6scIweEe6QxwD-mz8-tv", 
     37
    ]
   }, 
   "134239454": {
    "__tuple__": true, 
    "items": [
     "ly6scIweEe6QxwD-mz8-tv", 
     38
    ]
   }, 
   "134281960": {
    "__tuple__": true, 
    "items": [
     "ly6scIweEe6QxwD-mz8-tv", 
     39
    ]
   }, 
   "134230181": {
    "__tuple__": true, 
    "items": [
     "ly6scIweEe6QxwD-mz8-tv", 
     40
    ]
   }, 
   "134274426": {
    "__tuple__": true, 
    "items": [
     2147483647, 
     2
    ]
   }, 
   "134228328": {
    "__tuple__": true, 
    "items": [
     2147483647, 
     3
    ]
   }, 
   "134256994": {
    "__tuple__": true, 
    "items": [
     2147483647, 
     4
    ]
   }, 
   "134245942": {
    "__tuple__": true, 
    "items": [
     2147483647, 
     5
    ]
   }, 
   "134282372": {
    "__tuple__": true, 
    "items": [
     2147483647, 
     6
    ]
   }, 
   "134218413": {
    "__tuple__": true, 
    "items": [
     2147483647, 
     7
    ]
   }, 
   "134236381": {
    "__tuple__": true, 
    "items": [
     2147483647, 
     8
    ]
   }, 
   "134226143": {
    "__tuple__": true, 
    "items": [
     2147483647, 
     9
    ]
   }, 
   "134244643": {
    "__tuple__": true, 
    "items": [
     2147483647, 
     10
    ]
   }, 
   "134259459": {
    "__tuple__": true, 
    "items": [
     2147483647, 
     11
    ]
   }, 
   "134250437": {
    "__tuple__": true, 
    "items": [
     2147483647, 
     12
    ]
   }, 
   "134277737": {
    "__tuple__": true, 
    "items": [
     2147483647, 
     13
    ]
   }, 
   "134271823": {
    "__tuple__": true, 
    "items": [
     2147483647, 
     14
    ]
   }, 
   "134225860": {
    "__tuple__": true, 
    "items": [
     2147483647, 
     15
    ]
   }, 
   "134231991": {
    "__tuple__": true, 
    "items": [
     2147483647, 
     16
    ]
   }, 
   "134221910": {
    "__tuple__": true, 
    "items": [
     2147483647, 
     17
    ]
   }, 
   "134255788": {
    "__tuple__": true, 
    "items": [
     2147483647, 
     18
    ]
   }, 
   "134255928": {
    "__tuple__": true, 
    "items": [
     2147483647, 
     19
    ]
   }, 
   "134259720": {
    "__tuple__": true, 
    "items": [
     2147483647, 
     20
    ]
   }, 
   "134222676": {
    "__tuple__": true, 
    "items": [
     2147483647, 
     21
    ]
   }, 
   "134225249": {
    "__tuple__": true, 
    "items": [
     2147483647, 
     22
    ]
   }, 
   "134279807": {
    "__tuple__": true, 
    "items": [
     2147483647, 
     23
    ]
   }, 
   "134239852": {
    "__tuple__": true, 
    "items": [
     2147483647, 
     24
    ]
   }, 
   "134264732": {
    "__tuple__": true, 
    "items": [
     2147483647, 
     25
    ]
   }, 
   "134240749": {
    "__tuple__": true, 
    "items": [
     2147483647, 
     26
    ]
   }, 
   "134272907": {
    "__tuple__": true, 
    "items": [
     2147483647, 
     27
    ]
   }, 
   "134262692": {
    "__tuple__": true, 
    "items": [
     2147483647, 
     28
    ]
   }, 
   "134260207": {
    "__tuple__": true, 
    "items": [
     2147483647, 
     29
    ]
   }, 
   "134283013": {
    "__tuple__": true, 
    "items": [
     2147483647, 
     30
    ]
   }, 
   "134228203": {
    "__tuple__": true, 
    "items": [
     2147483647, 
     31
    ]
   }, 
   "134276668": {
    "__tuple__": true, 
    "items": [
     2147483647, 
     32
    ]
   }, 
   "134219355": {
    "__tuple__": true, 
    "items": [
     2147483647, 
     33
    ]
   }, 
   "134267443": {
    "__tuple__": true, 
    "items": [
     2147483647, 
     34
    ]
   }, 
   "134263173": {
    "__tuple__": true, 
    "items": [
     2147483647, 
     35
    ]
   }, 
   "134262303": {
    "__tuple__": true, 
    "items": [
     2147483647, 
     36
    ]
   }, 
   "134283070": {
    "__tuple__": true, 
    "items": [
     2147483647, 
     37
    ]
   }, 
   "134275104": {
    "__tuple__": true, 
    "items": [
     2147483647, 
     38
    ]
   }, 
   "134220217": {
    "__tuple__": true, 
    "items": [
     2147483647, 
     39
    ]
   }, 
   "134249823": {
    "__tuple__": true, 
    "items": [
     2147483647, 
     40
    ]
   }, 
   "134275611": {
    "__tuple__": true, 
    "items": [
     2147483647, 
     41
    ]
   }, 
   "134224847": {
    "__tuple__": true, 
    "items": [
     2147483647, 
     42
    ]
   }, 
   "134262334": {
    "__tuple__": true, 
    "items": [
     2147483647, 
     43
    ]
   }, 
   "134270790": {
    "__tuple__": true, 
    "items": [
     2147483647, 
     44
    ]
   }, 
   "134219092": {
    "__tuple__": true, 
    "items": [
     2147483647, 
     45
    ]
   }, 
   "134247178": {
    "__tuple__": true, 
    "items": [
     2147483647, 
     46
    ]
   }, 
   "134278157": {
    "__tuple__": true, 
    "items": [
     2147483647, 
     47
    ]
   }
  }
 }, 
 "ability_all": {
  "f": [
   {
    "__tuple__": true, 
    "items": [
     "", 
     0, 
     2147483647, 
     "code_explorer_custom_root_folder_name"
    ]
   }, 
   {
    "__tuple__": true, 
    "items": [
     "/2147483647", 
     0, 
     "J+PlcIw7Ee6VKAD-mz8-tl", 
     "\u4e3b\u89d2"
    ]
   }, 
   {
    "__tuple__": true, 
    "items": [
     "/2147483647", 
     1, 
     "Kqyg3pJmEe6oVIwWRYu406", 
     "Q\u6280\u80fd"
    ]
   }, 
   {
    "__tuple__": true, 
    "items": [
     "/2147483647", 
     2, 
     "LbgMYYzlEe6rRwD-mz8-tp", 
     "\u91d1\u9f99\u72b6\u6001"
    ]
   }, 
   {
    "__tuple__": true, 
    "items": [
     "/2147483647", 
     3, 
     "NheEQIzuEe6sGQD-mz8-tg", 
     "\u706b\u87fe\u870d\u72b6\u6001"
    ]
   }, 
   {
    "__tuple__": true, 
    "items": [
     "/2147483647", 
     4, 
     "CM0YT4bcEe6xbowWRYu405", 
     "\u666e\u653b1"
    ]
   }, 
   {
    "__tuple__": true, 
    "items": [
     "/2147483647", 
     5, 
     "EDg0MIbcEe6R0owWRYu409", 
     "\u666e\u653b2"
    ]
   }, 
   {
    "__tuple__": true, 
    "items": [
     "/2147483647", 
     6, 
     "t8sBD5AdEe60-IwWRYu40w", 
     "\u524d\u950b\u5766\u514b\u6280\u80fd"
    ]
   }, 
   {
    "__tuple__": true, 
    "items": [
     "/2147483647", 
     7, 
     "yN2vgJM3Ee62QowWRYu401", 
     "\u5904\u51b3\u6280\u80fd"
    ]
   }
  ], 
  "d": {
   "134254254": {
    "__tuple__": true, 
    "items": [
     "J+PlcIw7Ee6VKAD-mz8-tl", 
     0
    ]
   }, 
   "134221853": {
    "__tuple__": true, 
    "items": [
     "J+PlcIw7Ee6VKAD-mz8-tl", 
     1
    ]
   }, 
   "134235065": {
    "__tuple__": true, 
    "items": [
     "J+PlcIw7Ee6VKAD-mz8-tl", 
     2
    ]
   }, 
   "134219456": {
    "__tuple__": true, 
    "items": [
     "Kqyg3pJmEe6oVIwWRYu406", 
     0
    ]
   }, 
   "134271184": {
    "__tuple__": true, 
    "items": [
     "Kqyg3pJmEe6oVIwWRYu406", 
     1
    ]
   }, 
   "134243564": {
    "__tuple__": true, 
    "items": [
     "Kqyg3pJmEe6oVIwWRYu406", 
     2
    ]
   }, 
   "134234896": {
    "__tuple__": true, 
    "items": [
     "Kqyg3pJmEe6oVIwWRYu406", 
     3
    ]
   }, 
   "134222349": {
    "__tuple__": true, 
    "items": [
     "LbgMYYzlEe6rRwD-mz8-tp", 
     0
    ]
   }, 
   "134218270": {
    "__tuple__": true, 
    "items": [
     "LbgMYYzlEe6rRwD-mz8-tp", 
     1
    ]
   }, 
   "134245112": {
    "__tuple__": true, 
    "items": [
     "LbgMYYzlEe6rRwD-mz8-tp", 
     2
    ]
   }, 
   "134246724": {
    "__tuple__": true, 
    "items": [
     "NheEQIzuEe6sGQD-mz8-tg", 
     0
    ]
   }, 
   "134262835": {
    "__tuple__": true, 
    "items": [
     "NheEQIzuEe6sGQD-mz8-tg", 
     1
    ]
   }, 
   "134217744": {
    "__tuple__": true, 
    "items": [
     "NheEQIzuEe6sGQD-mz8-tg", 
     2
    ]
   }, 
   "134257453": {
    "__tuple__": true, 
    "items": [
     "CM0YT4bcEe6xbowWRYu405", 
     0
    ]
   }, 
   "134242915": {
    "__tuple__": true, 
    "items": [
     "CM0YT4bcEe6xbowWRYu405", 
     1
    ]
   }, 
   "134258630": {
    "__tuple__": true, 
    "items": [
     "CM0YT4bcEe6xbowWRYu405", 
     2
    ]
   }, 
   "134246413": {
    "__tuple__": true, 
    "items": [
     "EDg0MIbcEe6R0owWRYu409", 
     0
    ]
   }, 
   "134250230": {
    "__tuple__": true, 
    "items": [
     "EDg0MIbcEe6R0owWRYu409", 
     1
    ]
   }, 
   "134262696": {
    "__tuple__": true, 
    "items": [
     "EDg0MIbcEe6R0owWRYu409", 
     2
    ]
   }, 
   "134259180": {
    "__tuple__": true, 
    "items": [
     "t8sBD5AdEe60-IwWRYu40w", 
     0
    ]
   }, 
   "134240008": {
    "__tuple__": true, 
    "items": [
     "t8sBD5AdEe60-IwWRYu40w", 
     1
    ]
   }, 
   "134280793": {
    "__tuple__": true, 
    "items": [
     "t8sBD5AdEe60-IwWRYu40w", 
     2
    ]
   }, 
   "134269194": {
    "__tuple__": true, 
    "items": [
     "t8sBD5AdEe60-IwWRYu40w", 
     3
    ]
   }, 
   "134280735": {
    "__tuple__": true, 
    "items": [
     "yN2vgJM3Ee62QowWRYu401", 
     0
    ]
   }, 
   "134275211": {
    "__tuple__": true, 
    "items": [
     "yN2vgJM3Ee62QowWRYu401", 
     1
    ]
   }
  }
 }, 
 "modifier_all": {
  "f": [
   {
    "__tuple__": true, 
    "items": [
     "", 
     0, 
     2147483647, 
     "code_explorer_custom_root_folder_name"
    ]
   }, 
   {
    "__tuple__": true, 
    "items": [
     "/2147483647", 
     0, 
     "qsWI3pMWEe6TRowWRYu400", 
     "\u6807\u8bb0"
    ]
   }, 
   {
    "__tuple__": true, 
    "items": [
     "/2147483647", 
     1, 
     "eMasbpJxEe6o24wWRYu400", 
     "\u53d7\u51fb"
    ]
   }, 
   {
    "__tuple__": true, 
    "items": [
     "/2147483647", 
     2, 
     "P2vL3o-2Ee65CYwWRYu40-", 
     "\u62dc\u9f99\u5e99"
    ]
   }, 
   {
    "__tuple__": true, 
    "items": [
     "/2147483647", 
     3, 
     "1lgFQIzrEe6u-AD-mz8-ts", 
     "\u706b"
    ]
   }, 
   {
    "__tuple__": true, 
    "items": [
     "/2147483647", 
     4, 
     "uNYoMIzrEe6U5AD-mz8-ts", 
     "\u91d1"
    ]
   }, 
   {
    "__tuple__": true, 
    "items": [
     "/2147483647", 
     5, 
     "P742T4xAEe620gD-mz8-tr", 
     "\u666e\u653b\u76f8\u5173"
    ]
   }, 
   {
    "__tuple__": true, 
    "items": [
     "/2147483647", 
     10, 
     "OelYsI0uEe6GtQD-mz8-th", 
     "\u6c89\u7761\u77f3\u9b54"
    ]
   }
  ], 
  "d": {
   "134271405": {
    "__tuple__": true, 
    "items": [
     "qsWI3pMWEe6TRowWRYu400", 
     0
    ]
   }, 
   "134280809": {
    "__tuple__": true, 
    "items": [
     "qsWI3pMWEe6TRowWRYu400", 
     1
    ]
   }, 
   "134219693": {
    "__tuple__": true, 
    "items": [
     "eMasbpJxEe6o24wWRYu400", 
     0
    ]
   }, 
   "134244637": {
    "__tuple__": true, 
    "items": [
     "P2vL3o-2Ee65CYwWRYu40-", 
     0
    ]
   }, 
   "134253653": {
    "__tuple__": true, 
    "items": [
     "1lgFQIzrEe6u-AD-mz8-ts", 
     0
    ]
   }, 
   "134264495": {
    "__tuple__": true, 
    "items": [
     "1lgFQIzrEe6u-AD-mz8-ts", 
     1
    ]
   }, 
   "134218690": {
    "__tuple__": true, 
    "items": [
     "1lgFQIzrEe6u-AD-mz8-ts", 
     2
    ]
   }, 
   "134261749": {
    "__tuple__": true, 
    "items": [
     "1lgFQIzrEe6u-AD-mz8-ts", 
     3
    ]
   }, 
   "134270307": {
    "__tuple__": true, 
    "items": [
     "1lgFQIzrEe6u-AD-mz8-ts", 
     4
    ]
   }, 
   "134218981": {
    "__tuple__": true, 
    "items": [
     "uNYoMIzrEe6U5AD-mz8-ts", 
     0
    ]
   }, 
   "134239477": {
    "__tuple__": true, 
    "items": [
     "uNYoMIzrEe6U5AD-mz8-ts", 
     1
    ]
   }, 
   "134257087": {
    "__tuple__": true, 
    "items": [
     "uNYoMIzrEe6U5AD-mz8-ts", 
     2
    ]
   }, 
   "134222007": {
    "__tuple__": true, 
    "items": [
     "uNYoMIzrEe6U5AD-mz8-ts", 
     3
    ]
   }, 
   "134220900": {
    "__tuple__": true, 
    "items": [
     "uNYoMIzrEe6U5AD-mz8-ts", 
     4
    ]
   }, 
   "134258693": {
    "__tuple__": true, 
    "items": [
     "P742T4xAEe620gD-mz8-tr", 
     0
    ]
   }, 
   "134249255": {
    "__tuple__": true, 
    "items": [
     "P742T4xAEe620gD-mz8-tr", 
     1
    ]
   }, 
   "134243557": {
    "__tuple__": true, 
    "items": [
     "P742T4xAEe620gD-mz8-tr", 
     2
    ]
   }, 
   "134268130": {
    "__tuple__": true, 
    "items": [
     "P742T4xAEe620gD-mz8-tr", 
     3
    ]
   }, 
   "134256218": {
    "__tuple__": true, 
    "items": [
     2147483647, 
     6
    ]
   }, 
   "134282273": {
    "__tuple__": true, 
    "items": [
     2147483647, 
     7
    ]
   }, 
   "134226201": {
    "__tuple__": true, 
    "items": [
     2147483647, 
     8
    ]
   }, 
   "134255440": {
    "__tuple__": true, 
    "items": [
     2147483647, 
     9
    ]
   }, 
   "134247489": {
    "__tuple__": true, 
    "items": [
     "OelYsI0uEe6GtQD-mz8-th", 
     0
    ]
   }, 
   "134236216": {
    "__tuple__": true, 
    "items": [
     "OelYsI0uEe6GtQD-mz8-th", 
     1
    ]
   }
  }
 }, 
 "projectile_all": {
  "f": [
   {
    "__tuple__": true, 
    "items": [
     "", 
     0, 
     2147483647, 
     "code_explorer_custom_root_folder_name"
    ]
   }, 
   {
    "__tuple__": true, 
    "items": [
     "/2147483647", 
     0, 
     "g8i8D541Ee6CeYwWRYu408", 
     "\u9ed1"
    ]
   }, 
   {
    "__tuple__": true, 
    "items": [
     "/2147483647", 
     1, 
     "p3wKwJM4Ee68FIwWRYu409", 
     "\u6807\u8bb0"
    ]
   }, 
   {
    "__tuple__": true, 
    "items": [
     "/2147483647", 
     2, 
     "GhmlT5JjEe67nIwWRYu400", 
     "\u53f3\u952e\u6d3e\u751f\u6280\u80fd"
    ]
   }, 
   {
    "__tuple__": true, 
    "items": [
     "/2147483647", 
     3, 
     "68uM3pJiEe64Z4wWRYu404", 
     "\u51b0/\u6c34"
    ]
   }, 
   {
    "__tuple__": true, 
    "items": [
     "/2147483647", 
     4, 
     "3CE8QJJiEe6uuIwWRYu40z", 
     "\u5176\u4ed6"
    ]
   }, 
   {
    "__tuple__": true, 
    "items": [
     "/2147483647", 
     5, 
     "85hMwJAdEe6FQYwWRYu405", 
     "\u524d\u950b\u5766\u514b"
    ]
   }, 
   {
    "__tuple__": true, 
    "items": [
     "/2147483647", 
     6, 
     "aeAfMI3KEe6VOowWRYu402", 
     "\u5c0f\u602a\u7269\u77db"
    ]
   }, 
   {
    "__tuple__": true, 
    "items": [
     "/2147483647", 
     7, 
     "dv-GwI2dEe66cowWRYu40w", 
     "\u666e\u901a"
    ]
   }, 
   {
    "__tuple__": true, 
    "items": [
     "/2147483647", 
     8, 
     "MOaNwI2aEe6kh4wWRYu406", 
     "\u706b"
    ]
   }, 
   {
    "__tuple__": true, 
    "items": [
     "/2147483647", 
     9, 
     "oNmnD42bEe69nIwWRYu40-", 
     "\u91d1"
    ]
   }, 
   {
    "__tuple__": true, 
    "items": [
     "/2147483647", 
     10, 
     "iDs2wI0xEe6LewD-mz8-ti", 
     "\u77f3\u9b54\u6253\u9f3e"
    ]
   }, 
   {
    "__tuple__": true, 
    "items": [
     "/2147483647", 
     12, 
     "l8FQgJNmEe6PxIwWRYu407", 
     "\u5904\u51b3\u7279\u6548"
    ]
   }
  ], 
  "d": {
   "134226882": {
    "__tuple__": true, 
    "items": [
     "g8i8D541Ee6CeYwWRYu408", 
     0
    ]
   }, 
   "134281377": {
    "__tuple__": true, 
    "items": [
     "g8i8D541Ee6CeYwWRYu408", 
     1
    ]
   }, 
   "134226986": {
    "__tuple__": true, 
    "items": [
     "g8i8D541Ee6CeYwWRYu408", 
     2
    ]
   }, 
   "134264889": {
    "__tuple__": true, 
    "items": [
     "g8i8D541Ee6CeYwWRYu408", 
     3
    ]
   }, 
   "134275040": {
    "__tuple__": true, 
    "items": [
     "g8i8D541Ee6CeYwWRYu408", 
     4
    ]
   }, 
   "134227583": {
    "__tuple__": true, 
    "items": [
     "g8i8D541Ee6CeYwWRYu408", 
     5
    ]
   }, 
   "134220598": {
    "__tuple__": true, 
    "items": [
     "g8i8D541Ee6CeYwWRYu408", 
     6
    ]
   }, 
   "134259001": {
    "__tuple__": true, 
    "items": [
     "g8i8D541Ee6CeYwWRYu408", 
     7
    ]
   }, 
   "134277496": {
    "__tuple__": true, 
    "items": [
     "g8i8D541Ee6CeYwWRYu408", 
     8
    ]
   }, 
   "134236502": {
    "__tuple__": true, 
    "items": [
     "g8i8D541Ee6CeYwWRYu408", 
     9
    ]
   }, 
   "134263980": {
    "__tuple__": true, 
    "items": [
     "g8i8D541Ee6CeYwWRYu408", 
     10
    ]
   }, 
   "134256570": {
    "__tuple__": true, 
    "items": [
     "g8i8D541Ee6CeYwWRYu408", 
     11
    ]
   }, 
   "134247282": {
    "__tuple__": true, 
    "items": [
     "p3wKwJM4Ee68FIwWRYu409", 
     0
    ]
   }, 
   "134229587": {
    "__tuple__": true, 
    "items": [
     "p3wKwJM4Ee68FIwWRYu409", 
     1
    ]
   }, 
   "134272497": {
    "__tuple__": true, 
    "items": [
     "GhmlT5JjEe67nIwWRYu400", 
     0
    ]
   }, 
   "134245048": {
    "__tuple__": true, 
    "items": [
     "GhmlT5JjEe67nIwWRYu400", 
     1
    ]
   }, 
   "134225885": {
    "__tuple__": true, 
    "items": [
     "GhmlT5JjEe67nIwWRYu400", 
     2
    ]
   }, 
   "134228082": {
    "__tuple__": true, 
    "items": [
     "GhmlT5JjEe67nIwWRYu400", 
     3
    ]
   }, 
   "134276567": {
    "__tuple__": true, 
    "items": [
     "GhmlT5JjEe67nIwWRYu400", 
     4
    ]
   }, 
   "134262180": {
    "__tuple__": true, 
    "items": [
     "GhmlT5JjEe67nIwWRYu400", 
     5
    ]
   }, 
   "134260736": {
    "__tuple__": true, 
    "items": [
     "GhmlT5JjEe67nIwWRYu400", 
     6
    ]
   }, 
   "134229410": {
    "__tuple__": true, 
    "items": [
     "68uM3pJiEe64Z4wWRYu404", 
     0
    ]
   }, 
   "134245829": {
    "__tuple__": true, 
    "items": [
     "68uM3pJiEe64Z4wWRYu404", 
     1
    ]
   }, 
   "134254061": {
    "__tuple__": true, 
    "items": [
     "68uM3pJiEe64Z4wWRYu404", 
     2
    ]
   }, 
   "134225226": {
    "__tuple__": true, 
    "items": [
     "68uM3pJiEe64Z4wWRYu404", 
     3
    ]
   }, 
   "134228322": {
    "__tuple__": true, 
    "items": [
     "3CE8QJJiEe6uuIwWRYu40z", 
     0
    ]
   }, 
   "134265306": {
    "__tuple__": true, 
    "items": [
     "3CE8QJJiEe6uuIwWRYu40z", 
     1
    ]
   }, 
   "134238404": {
    "__tuple__": true, 
    "items": [
     "85hMwJAdEe6FQYwWRYu405", 
     0
    ]
   }, 
   "134225419": {
    "__tuple__": true, 
    "items": [
     "85hMwJAdEe6FQYwWRYu405", 
     1
    ]
   }, 
   "134251676": {
    "__tuple__": true, 
    "items": [
     "85hMwJAdEe6FQYwWRYu405", 
     2
    ]
   }, 
   "134228079": {
    "__tuple__": true, 
    "items": [
     "85hMwJAdEe6FQYwWRYu405", 
     3
    ]
   }, 
   "134282296": {
    "__tuple__": true, 
    "items": [
     "85hMwJAdEe6FQYwWRYu405", 
     4
    ]
   }, 
   "134232286": {
    "__tuple__": true, 
    "items": [
     "85hMwJAdEe6FQYwWRYu405", 
     5
    ]
   }, 
   "134228384": {
    "__tuple__": true, 
    "items": [
     "aeAfMI3KEe6VOowWRYu402", 
     0
    ]
   }, 
   "134259098": {
    "__tuple__": true, 
    "items": [
     "aeAfMI3KEe6VOowWRYu402", 
     1
    ]
   }, 
   "134243560": {
    "__tuple__": true, 
    "items": [
     "dv-GwI2dEe66cowWRYu40w", 
     0
    ]
   }, 
   "134251072": {
    "__tuple__": true, 
    "items": [
     "dv-GwI2dEe66cowWRYu40w", 
     1
    ]
   }, 
   "134259726": {
    "__tuple__": true, 
    "items": [
     "dv-GwI2dEe66cowWRYu40w", 
     2
    ]
   }, 
   "134250459": {
    "__tuple__": true, 
    "items": [
     "dv-GwI2dEe66cowWRYu40w", 
     3
    ]
   }, 
   "134223621": {
    "__tuple__": true, 
    "items": [
     "dv-GwI2dEe66cowWRYu40w", 
     4
    ]
   }, 
   "134261090": {
    "__tuple__": true, 
    "items": [
     "dv-GwI2dEe66cowWRYu40w", 
     5
    ]
   }, 
   "134244270": {
    "__tuple__": true, 
    "items": [
     "dv-GwI2dEe66cowWRYu40w", 
     6
    ]
   }, 
   "134241969": {
    "__tuple__": true, 
    "items": [
     "dv-GwI2dEe66cowWRYu40w", 
     7
    ]
   }, 
   "134240986": {
    "__tuple__": true, 
    "items": [
     "MOaNwI2aEe6kh4wWRYu406", 
     0
    ]
   }, 
   "134260013": {
    "__tuple__": true, 
    "items": [
     "MOaNwI2aEe6kh4wWRYu406", 
     1
    ]
   }, 
   "134278476": {
    "__tuple__": true, 
    "items": [
     "MOaNwI2aEe6kh4wWRYu406", 
     2
    ]
   }, 
   "134243892": {
    "__tuple__": true, 
    "items": [
     "MOaNwI2aEe6kh4wWRYu406", 
     3
    ]
   }, 
   "134229045": {
    "__tuple__": true, 
    "items": [
     "MOaNwI2aEe6kh4wWRYu406", 
     4
    ]
   }, 
   "134220671": {
    "__tuple__": true, 
    "items": [
     "oNmnD42bEe69nIwWRYu40-", 
     0
    ]
   }, 
   "134232826": {
    "__tuple__": true, 
    "items": [
     "oNmnD42bEe69nIwWRYu40-", 
     1
    ]
   }, 
   "134270781": {
    "__tuple__": true, 
    "items": [
     "oNmnD42bEe69nIwWRYu40-", 
     2
    ]
   }, 
   "134281429": {
    "__tuple__": true, 
    "items": [
     "oNmnD42bEe69nIwWRYu40-", 
     3
    ]
   }, 
   "134253427": {
    "__tuple__": true, 
    "items": [
     "oNmnD42bEe69nIwWRYu40-", 
     4
    ]
   }, 
   "134282570": {
    "__tuple__": true, 
    "items": [
     "oNmnD42bEe69nIwWRYu40-", 
     5
    ]
   }, 
   "134228252": {
    "__tuple__": true, 
    "items": [
     "oNmnD42bEe69nIwWRYu40-", 
     6
    ]
   }, 
   "134259793": {
    "__tuple__": true, 
    "items": [
     "oNmnD42bEe69nIwWRYu40-", 
     7
    ]
   }, 
   "134271358": {
    "__tuple__": true, 
    "items": [
     "iDs2wI0xEe6LewD-mz8-ti", 
     0
    ]
   }, 
   "134283231": {
    "__tuple__": true, 
    "items": [
     "iDs2wI0xEe6LewD-mz8-ti", 
     1
    ]
   }, 
   "134234913": {
    "__tuple__": true, 
    "items": [
     2147483647, 
     11
    ]
   }, 
   "134236336": {
    "__tuple__": true, 
    "items": [
     "l8FQgJNmEe6PxIwWRYu407", 
     0
    ]
   }, 
   "134225020": {
    "__tuple__": true, 
    "items": [
     2147483647, 
     13
    ]
   }
  }
 }, 
 "technology_all": {
  "f": [
   {
    "__tuple__": true, 
    "items": [
     "", 
     0, 
     2147483647, 
     "code_explorer_custom_root_folder_name"
    ]
   }
  ], 
  "d": {}
 }, 
 "store_all": {
  "f": [
   {
    "__tuple__": true, 
    "items": [
     "", 
     0, 
     2147483647, 
     "code_explorer_custom_root_folder_name"
    ]
   }
  ], 
  "d": {}
 }, 
 "editor_item": {
  "f": [
   {
    "__tuple__": true, 
    "items": [
     "", 
     0, 
     2147483647, 
     "code_explorer_custom_root_folder_name"
    ]
   }
  ], 
  "d": {
   "134278378": {
    "__tuple__": true, 
    "items": [
     2147483647, 
     0
    ]
   }
  }
 }, 
 "editor_destructible": {
  "f": [
   {
    "__tuple__": true, 
    "items": [
     "", 
     0, 
     2147483647, 
     "code_explorer_custom_root_folder_name"
    ]
   }
  ], 
  "d": {}
 }, 
 "sound_all": {
  "f": [
   {
    "__tuple__": true, 
    "items": [
     "", 
     0, 
     2147483647, 
     "code_explorer_custom_root_folder_name"
    ]
   }
  ], 
  "d": {
   "134273516": {
    "__tuple__": true, 
    "items": [
     2147483647, 
     0
    ]
   }, 
   "134221560": {
    "__tuple__": true, 
    "items": [
     2147483647, 
     1
    ]
   }, 
   "134239493": {
    "__tuple__": true, 
    "items": [
     2147483647, 
     2
    ]
   }, 
   "134263168": {
    "__tuple__": true, 
    "items": [
     2147483647, 
     3
    ]
   }, 
   "134223416": {
    "__tuple__": true, 
    "items": [
     2147483647, 
     4
    ]
   }, 
   "134217815": {
    "__tuple__": true, 
    "items": [
     2147483647, 
     5
    ]
   }, 
   "134229914": {
    "__tuple__": true, 
    "items": [
     2147483647, 
     6
    ]
   }, 
   "134270654": {
    "__tuple__": true, 
    "items": [
     2147483647, 
     7
    ]
   }, 
   "134237562": {
    "__tuple__": true, 
    "items": [
     2147483647, 
     8
    ]
   }
  }
 }, 
 "editor_deco_group": {
  "f": [], 
  "d": {}
 }, 
 "editor_model": {
  "f": [
   {
    "__tuple__": true, 
    "items": [
     "", 
     0, 
     2147483647, 
     "code_explorer_custom_root_folder_name"
    ]
   }
  ], 
  "d": {}
 }, 
 "editor_icon": {
  "f": [
   {
    "__tuple__": true, 
    "items": [
     "", 
     0, 
     2147483647, 
     "code_explorer_custom_root_folder_name"
    ]
   }
  ], 
  "d": {}
 }, 
 "editor_sound": {
  "f": [
   {
    "__tuple__": true, 
    "items": [
     "", 
     0, 
     2147483647, 
     "code_explorer_custom_root_folder_name"
    ]
   }
  ], 
  "d": {}
 }, 
 "editor_effect": {
  "f": [
   {
    "__tuple__": true, 
    "items": [
     "", 
     0, 
     2147483647, 
     "code_explorer_custom_root_folder_name"
    ]
   }
  ], 
  "d": {
   "134257276": {
    "__tuple__": true, 
    "items": [
     2147483647, 
     0
    ]
   }, 
   "134228025": {
    "__tuple__": true, 
    "items": [
     2147483647, 
     1
    ]
   }
  }
 }, 
 "editor_cur": {
  "f": [
   {
    "__tuple__": true, 
    "items": [
     "", 
     0, 
     2147483647, 
     "code_explorer_custom_root_folder_name"
    ]
   }
  ], 
  "d": {}
 }, 
 "editor_sky_box": {
  "f": [
   {
    "__tuple__": true, 
    "items": [
     "", 
     0, 
     2147483647, 
     "code_explorer_custom_root_folder_name"
    ]
   }
  ], 
  "d": {}
 }, 
 "editor_font": {
  "f": [
   {
    "__tuple__": true, 
    "items": [
     "", 
     0, 
     2147483647, 
     "code_explorer_custom_root_folder_name"
    ]
   }
  ], 
  "d": {}
 }, 
 "editor_terrain_texture": {
  "f": [
   {
    "__tuple__": true, 
    "items": [
     "", 
     0, 
     2147483647, 
     "code_explorer_custom_root_folder_name"
    ]
   }
  ], 
  "d": {}
 }, 
 "editor_sequence": {
  "f": [
   {
    "__tuple__": true, 
    "items": [
     "", 
     0, 
     2147483647, 
     "code_explorer_custom_root_folder_name"
    ]
   }
  ], 
  "d": {}
 }, 
 "res_sequence": {
  "f": [
   {
    "__tuple__": true, 
    "items": [
     "", 
     0, 
     2147483647, 
     "code_explorer_custom_root_folder_name"
    ]
   }
  ], 
  "d": {}
 }
}