[
 {
  "__tuple__": true, 
  "items": [
   1, 
   "GameConstant"
  ]
 }, 
 {
  "__tuple__": true, 
  "items": [
   "31a4292a-2d46-43c6-be71-b53abb2df655", 
   "\u9501\u548c\u72b6\u6001"
  ]
 }, 
 {
  "__tuple__": true, 
  "items": [
   "0306fa06-303c-4d4d-9b0f-cd050bedd580", 
   "\u662f\u5426\u7b2c\u4e00\u6b21\u4ea4\u4e92"
  ]
 }, 
 {
  "__tuple__": true, 
  "items": [
   "f7bac38d-3888-41bd-9f99-e522633c88f3", 
   "\u8001\u519c\u5bf9\u8bdd"
  ]
 }, 
 {
  "__tuple__": true, 
  "items": [
   "0cea5eb4-7565-4a74-837d-3a7bc1c26e86", 
   "\u5b58\u6863\u70b9\u590d\u6d3b\u70b9"
  ]
 }, 
 {
  "__tuple__": true, 
  "items": [
   "750c4a90-58c6-4384-bdba-6b7f3032b725", 
   "\u5148\u7956\u5bf9\u8bdd"
  ]
 }, 
 {
  "__tuple__": true, 
  "items": [
   "e904810d-e4ec-4a76-9391-791ad5d736e1", 
   "kv1"
  ]
 }, 
 {
  "__tuple__": true, 
  "items": [
   "1ed43e84-a059-4f46-b0f6-a0e842c098de", 
   "\u91d1"
  ]
 }, 
 {
  "__tuple__": true, 
  "items": [
   "5c4d6ef8-d8fd-4386-92ec-f3b32aa47c56", 
   "\u706b"
  ]
 }, 
 {
  "__tuple__": true, 
  "items": [
   "36ad1e48-9c2a-4e33-9f07-77414dd99055", 
   "Tab"
  ]
 }, 
 {
  "__tuple__": true, 
  "items": [
   "1cb3c2c7-ce48-4eb5-bf3b-cce9a5f35b3c", 
   "tab"
  ]
 }
]